{"stat.pickup.minecraft.wooden_slab":9,"stat.leaveGame":7,"stat.craftItem.thermalfoundation.wrench":1,"stat.pickup.bdsandm.wood_crate":17,"stat.drop.forge.bucketfilled":1,"stat.pickup.rustic.crushing_tub":3,"stat.pickup.tconstruct.faucet":4,"stat.craftItem.minecraft.shield":1,"stat.craftItem.minecraft.stone_pressure_plate":4,"stat.mineBlock.sky_orchards.log_dirt":5,"stat.drop.simplegenerators.combustion_upgradable":1,"stat.pickup.sky_orchards.sapling_dirt":28,"stat.drop.sky_orchards.amber_silver":1,"stat.craftItem.minecraft.stone_axe":1,"stat.pickup.minecraft.bucket":4,"stat.killEntity.Enderman":1,"stat.mineBlock.minecraft.wooden_slab":17,"stat.pickup.integrateddynamics.menril_sapling":3,"stat.craftItem.bdsandm.upgrade":21,"stat.killEntity.Witch":1,"stat.pickup.sky_orchards.resin_petrified":7,"stat.drop.minecraft.gold_ingot":2,"stat.mineBlock.minecraft.brick_block":1,"stat.pickup.cyclicmagic.item_pump":92,"stat.mineBlock.minecraft.hopper":2,"stat.pickup.minecraft.light_weighted_pressure_plate":1,"stat.furnaceInteraction":183,"stat.pickup.minecraft.nether_brick":8,"stat.craftItem.sky_orchards.acorn_dirt":1,"stat.craftItem.tp.birthday_pickaxe":1,"stat.pickup.sky_orchards.acorn_coal":662,"stat.pickup.sky_orchards.acorn_dirt":10,"stat.mineBlock.minecraft.stained_hardened_clay":2,"stat.craftItem.integrateddynamics.wrench":1,"stat.pickup.sky_orchards.sapling_coal":69,"stat.craftItem.telepastries.hunting_dimension_cake":1,"stat.mineBlock.tconstruct.ore":40,"stat.pickup.tconstruct.smeltery_io":1,"stat.useItem.minecraft.flint_and_steel":2,"stat.useItem.minecraft.wheat_seeds":5,"stat.craftItem.minecraft.dropper":21,"stat.useItem.cyclicmagic.bundled_pipe":5,"stat.useItem.minecraft.dye":67,"stat.useItem.tconstruct.smeltery_io":5,"stat.useItem.minecraft.nether_brick":3,"stat.drop.tp.birthday_pickaxe":1,"stat.mineBlock.minecraft.tallgrass":53,"stat.pickup.tconstruct.seared":21,"stat.chestOpened":666,"stat.drop.sky_orchards.amber_tin":1,"stat.craftItem.minecraft.coal":70,"stat.pickup.tconstruct.cast_custom":2,"stat.crouchOneCm":194292,"stat.mineBlock.minecraft.chest":14,"stat.craftItem.minecraft.diamond":10,"stat.craftItem.minecraft.iron_ingot":300,"stat.pickup.bonsaitrees.bonsaipot":29,"stat.craftItem.minecraft.hopper":29,"stat.craftingTableInteraction":256,"stat.mineBlock.tconstruct.rack":3,"stat.craftItem.cyclicmagic.trash":10,"stat.craftItem.tconstruct.pattern":35,"stat.useItem.cyclicmagic.trash":5,"stat.mineBlock.tconstruct.smeltery_io":1,"stat.pickup.sky_orchards.resin_iron":1,"stat.craftItem.sky_orchards.acorn_iron":32,"stat.pickup.minecraft.wheat_seeds":19,"stat.pickup.darkutils.material":1,"stat.pickup.storagenetwork.ex_kabel":1,"stat.mineBlock.minecraft.dirt":1,"stat.pickup.sky_orchards.acorn_iron":75,"stat.pickup.tconstruct.pattern":2,"stat.pickup.sky_orchards.sapling_iron":5,"stat.pickup.inspirations.carrot_seeds":1,"stat.useItem.minecraft.cobblestone":406,"stat.pickup.cyclicmagic.auto_packager":5,"stat.drop.bonsaitrees.bonsaipot":5,"stat.pickup.cyclicmagic.auto_crafter":2,"stat.pickup.sky_orchards.resin_gravel":1,"stat.useItem.tconstruct.pickaxe":276,"stat.drop.xlfoodmod.coffee":1,"stat.craftItem.minecraft.gold_ingot":9,"stat.pickup.minecraft.hopper":2,"stat.craftItem.cyclicmagic.auto_crafter":1,"stat.craftItem.minecraft.bucket":3,"stat.craftItem.minecraft.planks":724,"stat.craftItem.minecraft.dirt":13,"stat.pickup.morecauldrons.oak_cauldron":3,"stat.craftItem.rustic.fertile_soil":1,"stat.craftItem.minecraft.paper":3,"stat.pickup.minecraft.red_flower":2,"stat.mineBlock.cyclicmagic.energy_pipe":22,"stat.useItem.minecraft.wooden_axe":17,"stat.mineBlock.cyclicmagic.bundled_pipe":4,"stat.mineBlock.minecraft.cobblestone":32,"stat.useItem.tconstruct.mattock":53,"stat.pickup.minecraft.flint":5,"stat.mineBlock.minecraft.yellow_flower":4,"stat.killEntity.Human":5,"stat.pickup.pickletweaks.coal_piece":1,"stat.craftItem.compactstorage.chestbuilder":1,"stat.drop.sky_orchards.acorn_emerald":1,"stat.mineBlock.chisel.cobblestone2":77,"stat.mineBlock.chisel.cobblestone1":3,"stat.mineBlock.morecauldrons.oak_cauldron":2,"stat.mineBlock.minecraft.dropper":1,"stat.craftItem.minecraft.arrow":4,"stat.useItem.minecraft.stone_slab2":212,"stat.craftItem.minecraft.furnace":19,"stat.craftItem.minecraft.lapis_block":7,"stat.pickup.tp.cobblegen_block":4,"stat.mineBlock.cyclicmagic.trash":1,"stat.mineBlock.sky_orchards.leaves_dirt":78,"stat.craftItem.sky_orchards.amber_gold":30,"stat.craftItem.cyclicmagic.item_pump":6,"stat.pickup.minecraft.diamond_leggings":1,"stat.flyOneCm":487425,"stat.craftItem.storagenetwork.ex_kabel":4,"stat.pickup.cyclicmagic.tool_auto_torch":1,"stat.useItem.thermaldynamics.duct_32":27,"stat.mineBlock.morecauldrons.cobble_cauldron":2,"stat.timeSinceDeath":693239,"stat.pickup.minecraft.quartz_ore":12,"stat.useItem.minecraft.wooden_slab":295,"stat.craftItem.minecraft.stonebrick":76,"stat.craftItem.tconstruct.slime_dirt":8,"stat.craftItem.tconstruct.seared":55,"stat.pickup.minecraft.nether_wart":40,"stat.killEntity.Creeper":1,"stat.craftItem.minecraft.stone_hoe":1,"stat.useItem.tp.toasted_bread":1,"stat.pickup.minecraft.string":3,"stat.drop.minecraft.obsidian":1,"stat.useItem.sky_orchards.sapling_petrified":1,"stat.craftItem.tconstruct.tooltables":7,"stat.useItem.minecraft.dropper":1,"stat.pickup.thermaldynamics.duct_32":9,"stat.sprintOneCm":770093,"stat.craftItem.minecraft.wooden_axe":1,"stat.useItem.carryon.tile_item":10,"stat.mineBlock.sky_orchards.leaves_petrified":111,"stat.pickup.sky_orchards.leaves_gravel":1,"stat.pickup.inspirations.wooden_crook":1,"stat.craftItem.minecraft.wooden_pressure_plate":23,"stat.pickup.simplegenerators.combustion_upgradable":4,"stat.pickup.tconstruct.ore":40,"stat.mineBlock.bonsaitrees.bonsaipot":28,"stat.craftItem.minecraft.emerald":14,"stat.pickup.minecraft.iron_block":2,"stat.craftItem.minecraft.dye":327,"stat.diveOneCm":3558,"stat.pickup.minecraft.wheat":26,"stat.pickup.tconstruct.tooltables":4,"stat.useItem.bonsaitrees.bonsaipot":29,"stat.pickup.minecraft.obsidian":1,"stat.pickup.storagenetwork.kabel":1,"stat.craftItem.sky_orchards.sapling_coal":7,"stat.pickup.sky_orchards.resin_clay":9,"stat.jump":2484,"stat.pickup.tp.birthday_pickaxe":1,"stat.pickup.minecraft.coal":53,"stat.pickup.minecraft.iron_ingot":33,"stat.pickup.tconstruct.seared_tank":1,"stat.craftItem.minecraft.lever":2,"stat.drop.tconstruct.pattern":1,"stat.craftItem.minecraft.torch":580,"stat.pickup.minecraft.dirt":3,"stat.pickup.cyclicmagic.item_pipe_sort":1,"stat.mineBlock.thermaldynamics.duct_32":8,"stat.useItem.cyclicmagic.tool_rotate":13,"stat.damageTaken":1423,"stat.useItem.minecraft.stone_brick_stairs":23,"stat.mineBlock.minecraft.torch":32,"stat.mineBlock.minecraft.red_flower":2,"stat.drop.sky_orchards.sapling_gravel":1,"stat.craftItem.sky_orchards.amber_lead":12,"stat.pickup.sky_orchards.sapling_clay":10,"stat.killEntity.bouncy_creepers.bouncy_creeper":2,"stat.craftItem.minecraft.stone_slab":18,"stat.craftItem.tconstruct.smeltery_io":8,"stat.useItem.minecraft.chest":43,"stat.pickup.sky_orchards.leaves_gold":25,"stat.useItem.minecraft.lava_bucket":1,"stat.pickup.tp.emerald_cobblegen_block":1,"stat.useItem.tconstruct.faucet":5,"stat.drop.inspirations.wooden_crook":1,"stat.craftItem.storagenetwork.im_kabel":4,"stat.useItem.cyclicmagic.item_pipe":24,"stat.useItem.minecraft.netherrack":770,"stat.mineBlock.minecraft.stonebrick":47,"stat.mobKills":51,"stat.pickup.minecraft.diamond_boots":1,"stat.mineBlock.tconstruct.wooden_hopper":2,"stat.pickup.minecraft.diamond":1,"stat.pickup.minecraft.beetroot_seeds":1,"stat.mineBlock.rustic.crushing_tub":3,"stat.pickup.minecraft.torch":33,"stat.useItem.thermaldynamics.servo":10,"stat.mineBlock.tp.cobblegen_block":4,"stat.mineBlock.sky_orchards.log_petrified":4,"stat.useItem.cyclicmagic.energy_pipe":20,"stat.mineBlock.tconstruct.seared_tank":1,"stat.pickup.cyclicmagic.energy_pipe":25,"stat.pickup.tconstruct.wooden_hopper":2,"stat.mineBlock.cyclicmagic.item_pipe":23,"stat.killEntity.Blaze":9,"stat.useItem.cyclicmagic.item_pipe_sort":1,"stat.pickup.minecraft.blaze_powder":1,"stat.useItem.minecraft.water_bucket":4,"stat.mineBlock.storagenetwork.ex_kabel":2,"stat.craftItem.tconstruct.casting":4,"stat.craftItem.minecraft.stone_sword":4,"stat.pickup.chisel.cobblestone2":68,"stat.pickup.inspirations.mulch":58,"stat.hopperInspected":8,"stat.mineBlock.cyclicmagic.auto_packager":5,"stat.craftItem.minecraft.observer":1,"stat.craftItem.thermalfoundation.material":36,"stat.useItem.cyclicmagic.auto_packager":1,"stat.mineBlock.storagenetwork.kabel":1,"stat.pickup.cyclicmagic.bundled_pipe":4,"stat.craftItem.minecraft.sand":89,"stat.pickup.tconstruct.slime_dirt":1,"stat.craftItem.chisel.chisel_diamond":1,"stat.useItem.minecraft.hopper":3,"stat.craftItem.minecraft.heavy_weighted_pressure_plate":6,"stat.playOneMinute":693239,"stat.pickup.tconstruct.rack":3,"stat.pickup.minecraft.blaze_rod":3,"stat.useItem.sky_orchards.acorn_dirt":1,"stat.pickup.mekanism.otherdust":1,"stat.craftItem.inspirations.path":3,"stat.craftItem.cyclicmagic.bundled_pipe":8,"stat.pickup.minecraft.netherrack":1269,"stat.pickup.tconstruct.casting":14,"stat.drop.minecraft.hopper":1,"stat.craftItem.tp.cobblegen_block":1,"stat.mineBlock.minecraft.netherrack":1238,"stat.craftItem.storagenetwork.kabel":8,"stat.pickup.sky_orchards.acorn_petrified":6,"stat.useItem.inspirations.wooden_crook":281,"stat.mineBlock.tconstruct.faucet":4,"stat.craftItem.cyclicmagic.item_pipe_sort":4,"stat.craftItem.minecraft.iron_nugget":135,"stat.pickup.sky_orchards.resin_gold":77,"stat.fallOneCm":162949,"stat.craftItem.inspirations.mulch":192,"stat.craftItem.tconstruct.toolforge":1,"stat.pickup.minecraft.dropper":89,"stat.craftItem.minecraft.chest":188,"stat.useItem.inspirations.mulch":4,"stat.drop.minecraft.milk_bucket":1,"stat.mineBlock.bdsandm.wood_crate":17,"stat.useItem.minecraft.furnace":1,"stat.craftItem.tconstruct.materials":323,"stat.pickup.sky_orchards.sapling_gold":6,"stat.pickup.rustic.fertile_soil":6,"stat.useItem.minecraft.stone_pickaxe":85,"stat.craftItem.sky_orchards.amber_tin":12,"stat.pickup.mekanism.ingot":18,"stat.useItem.minecraft.torch":126,"stat.craftItem.minecraft.redstone_block":24,"stat.pickup.minecraft.crafting_table":2,"stat.pickup.sky_orchards.acorn_gold":871,"stat.craftItem.minecraft.crafting_table":17,"stat.pickup.minecraft.log":20,"stat.useItem.sky_orchards.acorn_iron":31,"stat.drop.sky_orchards.acorn_gravel":4,"stat.pickup.mekanism.machineblock":3,"stat.pickup.matteroverdrive.rogue_android_part":1,"stat.mineBlock.simplegenerators.combustion_upgradable":3,"stat.pickup.sky_orchards.amber_tin":1,"stat.mineBlock.tconstruct.toolforge":1,"stat.pickup.minecraft.diamond_helmet":1,"stat.killEntity.rogue_android":13,"stat.killEntity.WitherSkeleton":3,"stat.mineBlock.mekanism.machineblock":3,"stat.mineBlock.sky_orchards.log_clay":4,"stat.craftItem.minecraft.sugar":4,"stat.sneakTime":44667,"stat.pickup.sky_orchards.sapling_diamond":1,"stat.drop.minecraft.bucket":3,"stat.pickup.minecraft.yellow_flower":8,"stat.useItem.sky_orchards.sapling_dirt":2,"stat.pickup.minecraft.chest":14,"stat.drop.sky_orchards.sapling_lead":1,"stat.mineBlock.sky_orchards.leaves_gravel":101,"stat.craftItem.tconstruct.faucet":8,"stat.craftItem.minecraft.stone_brick_stairs":28,"stat.pickup.sky_orchards.resin_dirt":10,"stat.pickup.sky_orchards.amber_gold":2,"stat.craftItem.sky_orchards.amber_iron":144,"stat.mineBlock.storagenetwork.im_kabel":5,"stat.swimOneCm":1879,"stat.climbOneCm":2693,"stat.drop.morecauldrons.cobble_cauldron":1,"stat.drop.minecraft.quartz":2,"stat.craftItem.minecraft.bone_block":24,"stat.pickup.sky_orchards.sapling_glowstone":1,"stat.craftItem.minecraft.stone_pickaxe":1,"stat.pickup.minecraft.cobblestone":488,"stat.pickup.minecraft.gold_block":3,"stat.useItem.cyclicmagic.item_pump":44,"stat.pickup.sky_orchards.sapling_lead":1,"stat.pickup.sky_orchards.resin_coal":850,"stat.craftItem.minecraft.wooden_slab":420,"stat.pickup.sky_orchards.sapling_petrified":9,"stat.pickup.minecraft.redstone":55,"stat.craftItem.minecraft.book":1,"stat.mineBlock.cyclicmagic.auto_crafter":2,"stat.killEntity.ranged_rogue_android":3,"stat.craftItem.minecraft.cake":2,"stat.drop.tconstruct.tooltables":3,"stat.pickup.minecraft.stonebrick":18,"stat.useItem.sky_orchards.sapling_clay":1,"stat.mineBlock.minecraft.nether_brick":8,"stat.craftItem.tconstruct.soil":328,"stat.craftItem.sky_orchards.sapling_netherrack":1,"stat.craftItem.minecraft.brick_block":61,"stat.useItem.tconstruct.edible":50,"stat.mineBlock.sky_orchards.leaves_clay":52,"stat.craftItem.minecraft.stone_slab2":1,"stat.craftItem.sky_orchards.amber_emerald":12,"stat.craftItem.thermaldynamics.duct_32":48,"stat.craftItem.minecraft.stick":84,"stat.craftItem.minecraft.stone":128,"stat.useItem.tconstruct.casting":3,"stat.mineBlock.minecraft.crafting_table":3,"stat.craftItem.cyclicmagic.auto_packager":2,"stat.craftItem.minecraft.clay_ball":264,"stat.pickup.minecraft.diamond_chestplate":1,"stat.pickup.sky_orchards.amber_silver":1,"stat.drop":27,"stat.useItem.tconstruct.seared":68,"stat.craftItem.minecraft.clay":132,"stat.craftItem.minecraft.piston":4,"stat.useItem.thermalfoundation.wrench":2,"stat.pickup.sky_orchards.amber_lead":1,"stat.pickup.morecauldrons.cobble_cauldron":2,"stat.craftItem.minecraft.brick_stairs":12,"stat.pickup.minecraft.brick":207,"stat.craftItem.tconstruct.rack":1,"stat.useItem.tp.birthday_pickaxe":1463,"stat.craftItem.bonsaitrees.bonsaipot":44,"stat.useItem.minecraft.stone_axe":15,"stat.craftItem.tconstruct.book":1,"stat.drop.tconstruct.casting":1,"stat.mineBlock.cyclicmagic.item_pump":37,"stat.craftItem.minecraft.flint_and_steel":1,"stat.mineBlock.tconstruct.tooltables":3,"stat.pickup.mysticalagriculture.crafting":2,"stat.pickup.minecraft.reeds":6,"stat.pickup.sky_orchards.sapling_quartz":1,"stat.useItem.bdsandm.wood_crate":18,"stat.pickup.sky_orchards.sapling_osmium":1,"stat.damageDealt":13304,"stat.craftItem.minecraft.glass":7,"stat.craftItem.minecraft.cauldron":1,"stat.craftItem.minecraft.gravel":116,"stat.walkOneCm":1266333,"stat.useItem.morecauldrons.oak_cauldron":1,"stat.pickup.minecraft.stick":8,"stat.craftItem.cyclicmagic.item_pipe":8,"stat.craftItem.inspirations.wooden_crook":3,"stat.pickup.sky_orchards.acorn_clay":8,"stat.useItem.storagenetwork.im_kabel":3,"stat.craftItem.thermaldynamics.servo":12,"stat.mineBlock.cyclicmagic.item_pipe_sort":1,"stat.pickup.storagenetwork.im_kabel":4,"stat.pickup.sky_orchards.acorn_gravel":24,"stat.craftItem.sky_orchards.amber_redstone":1,"stat.craftItem.minecraft.redstone":207,"stat.pickup.sky_orchards.sapling_gravel":17,"stat.drop.sky_orchards.sapling_diamond":1,"stat.pickup.minecraft.gold_ingot":1,"stat.pickup.thermaldynamics.servo":5,"stat.killEntity.Skeleton":4,"stat.craftItem.bdsandm.wood_crate":20,"stat.craftItem.cyclicmagic.energy_pipe":8,"stat.pickup.cyclicmagic.item_pipe":28,"stat.killEntity.Spider":9,"stat.mineBlock.minecraft.quartz_ore":58,"stat.mineBlock.inspirations.mulch":4,"stat.craftItem.cyclicmagic.tool_rotate":1,"stat.pickup.minecraft.quartz":45,"stat.useItem.chisel.cobblestone1":3,"stat.mineBlock.tp.emerald_cobblegen_block":1,"stat.mineBlock.tconstruct.seared":21,"stat.useItem.chisel.cobblestone2":1075,"stat.mineBlock.tconstruct.casting":18,"stat.craftItem.minecraft.brick":281,"stat.mineBlock.minecraft.stone":7}