{"stat.mineBlock.sky_orchards.log_coal":38,"stat.craftItem.realfilingcabinet.modelcabinet":2,"stat.craftItem.sky_orchards.sapling_sand":1,"stat.pickup.minecraft.wooden_slab":7,"stat.leaveGame":12,"stat.craftItem.thermalfoundation.wrench":1,"stat.pickup.bdsandm.wood_crate":11,"stat.pickup.tconstruct.edible":3,"stat.pickup.sky_orchards.amber_clay":1,"stat.craftItem.sky_orchards.amber_osmium":32,"stat.pickup.rustic.crushing_tub":1,"stat.mineBlock.sky_orchards.log_dirt":91,"stat.pickup.sky_orchards.resin_cottonwood":12,"stat.craftItem.sky_orchards.amber_clay":7,"stat.craftItem.telepastries.nether_cake":1,"stat.drop.simplegenerators.combustion_upgradable":1,"stat.craftItem.sky_orchards.sapling_gravel":1,"stat.pickup.sky_orchards.sapling_dirt":210,"stat.pickup.minecraft.brick_block":3,"stat.craftItem.minecraft.stone_axe":1,"stat.pickup.minecraft.bucket":3,"stat.mineBlock.minecraft.wooden_slab":11,"stat.craftItem.bdsandm.upgrade":2,"stat.pickup.sky_orchards.resin_petrified":189,"stat.pickup.simplegenerators.turbine_simple":2,"stat.craftItem.tp.diamond_cobblegen_block":1,"stat.craftItem.minecraft.wooden_pickaxe":1,"stat.pickup.cyclicmagic.item_pump":30,"stat.mineBlock.minecraft.hopper":3,"stat.pickup.minecraft.light_weighted_pressure_plate":1,"stat.craftItem.tp.iron_cobblegen_block":1,"stat.furnaceInteraction":348,"stat.craftItem.sky_orchards.acorn_coal":101,"stat.mineBlock.sky_orchards.amber_iron":1,"stat.pickup.minecraft.nether_brick":7,"stat.craftItem.sky_orchards.acorn_dirt":7,"stat.craftItem.tp.birthday_pickaxe":2,"stat.pickup.sky_orchards.acorn_coal":1828,"stat.craftItem.tp.emerald_cobblegen_block":1,"stat.pickup.minecraft.cauldron":1,"stat.pickup.sky_orchards.acorn_dirt":115,"stat.pickup.sky_orchards.sapling_coal":107,"stat.useItem.minecraft.fence":11,"stat.mineBlock.tconstruct.ore":81,"stat.useItem.minecraft.wheat_seeds":1,"stat.craftItem.minecraft.dropper":61,"stat.drop.mekanism.ingot":1,"stat.craftItem.morecauldrons.cobble_cauldron":2,"stat.useItem.minecraft.dye":323,"stat.deaths":2,"stat.pickup.xlfoodmod.raw_corn":16,"stat.useItem.minecraft.nether_brick":5,"stat.pickup.sky_orchards.sapling_lapis":9,"stat.drop.inspirations.sugar_cane_seeds":1,"stat.mineBlock.minecraft.tallgrass":57,"stat.useItem.sky_orchards.sapling_sand":19,"stat.pickup.tconstruct.seared":7,"stat.chestOpened":1418,"stat.craftItem.minecraft.light_weighted_pressure_plate":3,"stat.pickup.minecraft.arrow":1,"stat.craftItem.mekanism.machineblock":3,"stat.killEntity.Ghast":1,"stat.mineBlock.rustic.deathstalk_mushroom":1,"stat.mineBlock.sky_orchards.leaves_iron":430,"stat.useItem.minecraft.clay":1,"stat.craftItem.minecraft.coal":135,"stat.useItem.sky_orchards.sapling_gravel":16,"stat.craftItem.sky_orchards.sapling_redstone":1,"stat.pickup.minecraft.carrot":47,"stat.crouchOneCm":94467,"stat.mineBlock.minecraft.chest":4,"stat.craftItem.minecraft.diamond":128,"stat.drop.cyclicmagic.item_pump":32,"stat.craftItem.minecraft.iron_ingot":303,"stat.pickup.bonsaitrees.bonsaipot":16,"stat.craftItem.minecraft.hopper":26,"stat.pickup.sky_orchards.resin_lapis":9,"stat.craftingTableInteraction":477,"stat.pickup.minecraft.nether_brick_fence":28,"stat.mineBlock.tconstruct.rack":3,"stat.pickup.minecraft.wooden_pickaxe":1,"stat.pickup.minecraft.dye":23,"stat.pickup.minecraft.planks":79,"stat.pickup.sky_orchards.resin_iron":64,"stat.pickup.minecraft.wheat_seeds":55,"stat.pickup.darkutils.material":5,"stat.pickup.storagenetwork.ex_kabel":2,"stat.mineBlock.minecraft.dirt":12,"stat.pickup.sky_orchards.acorn_iron":40,"stat.mineBlock.sky_orchards.leaves_lapis":51,"stat.pickup.compactstorage.compactchest":1,"stat.pickup.sky_orchards.sapling_iron":48,"stat.pickup.inspirations.carrot_seeds":2,"stat.useItem.realfilingcabinet.modelcabinet":1,"stat.pickup.sky_orchards.amber_diamond":1,"stat.useItem.minecraft.cobblestone":11,"stat.pickup.cyclicmagic.auto_packager":5,"stat.mineBlock.sky_orchards.sapling_clay":2,"stat.drop.bonsaitrees.bonsaipot":1,"stat.mineBlock.simplegenerators.turbine_simple":2,"stat.pickup.cyclicmagic.auto_crafter":1,"stat.pickup.sky_orchards.resin_gravel":125,"stat.pickup.minecraft.hopper":4,"stat.craftItem.mekanism.tierinstaller":2,"stat.pickup.minecraft.apple":2,"stat.mineBlock.sky_orchards.sapling_gravel":3,"stat.craftItem.minecraft.bucket":5,"stat.craftItem.minecraft.planks":860,"stat.craftItem.minecraft.dirt":73,"stat.pickup.morecauldrons.oak_cauldron":1,"stat.mineBlock.realfilingcabinet.modelcabinet":1,"stat.craftItem.rustic.fertile_soil":22,"stat.mineBlock.minecraft.log":13,"stat.pickup.rustic.sapling_apple":15,"stat.craftItem.minecraft.paper":9,"stat.useItem.sky_orchards.acorn_sand":1,"stat.pickup.minecraft.red_flower":2,"stat.mineBlock.sky_orchards.log_cottonwood":6,"stat.mineBlock.cyclicmagic.energy_pipe":16,"stat.useItem.minecraft.wooden_axe":434,"stat.craftItem.minecraft.cobblestone":47,"stat.craftItem.minecraft.diamond_leggings":3,"stat.mineBlock.minecraft.pumpkin":1,"stat.mineBlock.minecraft.cobblestone":2,"stat.pickup.minecraft.flint":32,"stat.mineBlock.minecraft.yellow_flower":2,"stat.craftItem.sky_orchards.sapling_emerald":1,"stat.craftItem.minecraft.wool":2,"stat.pickup.pickletweaks.coal_piece":18,"stat.pickup.realfilingcabinet.modelcabinet":1,"stat.mineBlock.chisel.cobblestone2":24,"stat.drop.minecraft.cobblestone":32,"stat.useItem.minecraft.obsidian":10,"stat.useItem.minecraft.stone_slab2":222,"stat.craftItem.minecraft.furnace":9,"stat.craftItem.minecraft.lapis_block":7,"stat.pickup.tp.cobblegen_block":1,"stat.mineBlock.sky_orchards.leaves_dirt":856,"stat.craftItem.sky_orchards.amber_gold":2,"stat.mineBlock.minecraft.clay":3,"stat.craftItem.cyclicmagic.item_pump":31,"stat.flyOneCm":547145,"stat.craftItem.storagenetwork.ex_kabel":4,"stat.mineBlock.sky_orchards.leaves_coal":410,"stat.useItem.thermaldynamics.duct_32":34,"stat.mineBlock.morecauldrons.cobble_cauldron":1,"stat.timeSinceDeath":252438,"stat.useItem.minecraft.wooden_slab":257,"stat.drop.simpletomb.grave_key":1,"stat.craftItem.minecraft.iron_block":1,"stat.craftItem.tconstruct.slime_dirt":2,"stat.craftItem.tconstruct.seared":12,"stat.pickup.minecraft.nether_wart":40,"stat.craftItem.minecraft.concrete_powder":8,"stat.mineBlock.cookingforblockheads.cow_jar":1,"stat.useItem.tconstruct.rack":4,"stat.craftItem.minecraft.stone_hoe":1,"stat.useItem.tp.toasted_bread":1,"stat.pickup.minecraft.string":4,"stat.pickup.sky_orchards.amber_iron":1,"stat.mineBlock.rustic.sapling_apple":1,"stat.drop.sky_orchards.acorn_petrified":1,"stat.drop.minecraft.obsidian":1,"stat.craftItem.tconstruct.stone_stick":16,"stat.useItem.sky_orchards.sapling_petrified":21,"stat.pickup.thermaldynamics.duct_32":39,"stat.sprintOneCm":753834,"stat.craftItem.minecraft.wooden_axe":7,"stat.useItem.carryon.tile_item":25,"stat.mineBlock.sky_orchards.leaves_petrified":1119,"stat.pickup.sky_orchards.sapling_emerald":42,"stat.pickup.thermaldynamics.filter":5,"stat.pickup.inspirations.wooden_crook":3,"stat.pickup.simplegenerators.combustion_upgradable":2,"stat.pickup.tconstruct.ore":81,"stat.mineBlock.bonsaitrees.bonsaipot":11,"stat.craftItem.minecraft.emerald":21,"stat.craftItem.minecraft.dye":495,"stat.pickup.minecraft.wheat":70,"stat.drop.sky_orchards.sapling_clay":3,"stat.pickup.tconstruct.tooltables":2,"stat.craftItem.minecraft.cooked_porkchop":5,"stat.useItem.bonsaitrees.bonsaipot":7,"stat.pickup.minecraft.obsidian":13,"stat.craftItem.sky_orchards.sapling_coal":1,"stat.pickup.sky_orchards.resin_clay":48,"stat.drop.minecraft.apple":1,"stat.drop.sky_orchards.amber_lead":1,"stat.jump":3146,"stat.useItem.minecraft.sand":1,"stat.pickup.minecraft.coal":475,"stat.pickup.minecraft.iron_ingot":68,"stat.mineBlock.sky_orchards.amber_clay":1,"stat.mineBlock.sky_orchards.log_sand":84,"stat.craftItem.minecraft.torch":4,"stat.pickup.minecraft.dirt":24,"stat.craftItem.sky_orchards.sapling_lapis":1,"stat.pickup.sky_orchards.resin_bone":6,"stat.craftItem.realfilingcabinet.emptyfolder":8,"stat.drop.minecraft.gold_block":1,"stat.mineBlock.thermaldynamics.duct_32":38,"stat.damageTaken":1391,"stat.mineBlock.minecraft.red_flower":2,"stat.mineBlock.minecraft.torch":3,"stat.craftItem.sky_orchards.amber_lead":13,"stat.drop.sky_orchards.sapling_glowstone":1,"stat.drop.sky_orchards.sapling_osmium":1,"stat.pickup.sky_orchards.sapling_clay":42,"stat.craftItem.horsepower.chopping_block":2,"stat.craftItem.minecraft.stone_slab":12,"stat.useItem.minecraft.chest":40,"stat.craftItem.tconstruct.smeltery_io":1,"stat.pickup.sky_orchards.leaves_gold":1,"stat.pickup.sky_orchards.sapling_bone":8,"stat.pickup.sky_orchards.leaves_sand":7,"stat.craftItem.morecauldrons.oak_cauldron":4,"stat.craftItem.mekanism.ingot":18,"stat.craftItem.sky_orchards.amber_silver":13,"stat.craftItem.cookingforblockheads.milk_jar":1,"stat.drop.minecraft.netherrack":6,"stat.drop.inspirations.wooden_crook":31,"stat.craftItem.rustic.crushing_tub":1,"stat.pickup.cookingforblockheads.cow_jar":1,"stat.useItem.cyclicmagic.item_pipe":5,"stat.useItem.minecraft.netherrack":115,"stat.pickup.simplegenerators.combustion_simple":7,"stat.mobKills":38,"stat.mineBlock.tconstruct.wooden_hopper":1,"stat.pickup.minecraft.diamond":10,"stat.pickup.minecraft.beetroot_seeds":14,"stat.mineBlock.rustic.crushing_tub":1,"stat.pickup.minecraft.torch":3,"stat.useItem.thermaldynamics.servo":11,"stat.craftItem.mekanism.controlcircuit":2,"stat.drop.minecraft.stone_axe":1,"stat.mineBlock.tp.cobblegen_block":1,"stat.useItem.inspirations.sugar_cane_seeds":1,"stat.mineBlock.sky_orchards.log_petrified":127,"stat.useItem.cyclicmagic.energy_pipe":33,"stat.craftItem.sky_orchards.sapling_cottonwood":1,"stat.pickup.cyclicmagic.energy_pipe":27,"stat.pickup.tconstruct.wooden_hopper":1,"stat.drop.cyclicmagic.energy_pipe":2,"stat.mineBlock.cyclicmagic.item_pipe":9,"stat.killEntity.Blaze":11,"stat.craftItem.storagenetwork.request":1,"stat.useItem.minecraft.planks":49,"stat.craftItem.sky_orchards.sapling_petrified":1,"stat.pickup.minecraft.blaze_powder":12,"stat.craftItem.horsepower.hand_grindstone":1,"stat.useItem.sky_orchards.sapling_iron":5,"stat.useItem.minecraft.water_bucket":2,"stat.mineBlock.minecraft.nether_brick_fence":29,"stat.pickup.minecraft.sand":1,"stat.craftItem.mekanism.basicblock":2,"stat.mineBlock.storagenetwork.ex_kabel":2,"stat.craftItem.tconstruct.casting":2,"stat.pickup.chisel.cobblestone2":27,"stat.craftItem.sky_orchards.amber_glowstone":7,"stat.mineBlock.minecraft.sand":1,"stat.pickup.storagenetwork.request":2,"stat.pickup.inspirations.mulch":24,"stat.hopperInspected":8,"stat.drop.minecraft.diamond":1,"stat.mineBlock.cyclicmagic.auto_packager":5,"stat.craftItem.simplegenerators.combustion_simple":1,"stat.craftItem.minecraft.magma_cream":2,"stat.useItem.sky_orchards.acorn_coal":69,"stat.craftItem.thermalfoundation.material":35,"stat.pickup.minecraft.skull":2,"stat.craftItem.minecraft.netherrack":19,"stat.useItem.cyclicmagic.auto_packager":1,"stat.craftItem.minecraft.sand":62,"stat.pickup.minecraft.pumpkin_seeds":1,"stat.pickup.tconstruct.slime_dirt":2,"stat.useItem.minecraft.hopper":2,"stat.useItem.storagenetwork.kabel":1,"stat.mineBlock.minecraft.soul_sand":717,"stat.craftItem.minecraft.heavy_weighted_pressure_plate":31,"stat.playOneMinute":857422,"stat.pickup.tconstruct.rack":3,"stat.pickup.minecraft.blaze_rod":10,"stat.useItem.sky_orchards.acorn_dirt":10,"stat.pickup.mekanism.otherdust":2,"stat.mineBlock.storagenetwork.request":2,"stat.drop.cyclicmagic.item_pipe":5,"stat.drop.sky_orchards.sapling_gold":1,"stat.pickup.minecraft.netherrack":646,"stat.pickup.minecraft.pumpkin":1,"stat.pickup.tconstruct.casting":4,"stat.craftItem.tp.cobblegen_block":1,"stat.mineBlock.minecraft.netherrack":718,"stat.craftItem.storagenetwork.kabel":16,"stat.pickup.sky_orchards.acorn_petrified":151,"stat.craftItem.sky_orchards.sapling_diamond":1,"stat.useItem.inspirations.wooden_crook":3688,"stat.pickup.sky_orchards.resin_sand":143,"stat.craftItem.minecraft.iron_nugget":189,"stat.fallOneCm":75191,"stat.craftItem.inspirations.mulch":32,"stat.craftItem.tconstruct.wooden_hopper":1,"stat.useItem.horsepower.chopping_block":1,"stat.pickup.minecraft.melon_seeds":2,"stat.mineBlock.sky_orchards.amber_diamond":1,"stat.pickup.minecraft.dropper":58,"stat.craftItem.minecraft.chest":58,"stat.useItem.minecraft.nether_brick_fence":26,"stat.useItem.inspirations.mulch":1,"stat.useItem.cyclicmagic.inventory_food":1,"stat.mineBlock.sky_orchards.leaves_sand":906,"stat.pickup.minecraft.milk_bucket":1,"stat.pickup.sky_orchards.sapling_sand":140,"stat.mineBlock.bdsandm.wood_crate":11,"stat.craftItem.tconstruct.materials":99,"stat.pickup.rustic.fertile_soil":3,"stat.craftItem.tconstruct.seared_tank":1,"stat.drop.tconstruct.seared":1,"stat.mineBlock.sky_orchards.log_bone":4,"stat.craftItem.sky_orchards.amber_tin":27,"stat.pickup.mekanism.ingot":1,"stat.useItem.minecraft.torch":1,"stat.mineBlock.sky_orchards.sapling_dirt":1,"stat.pickup.sky_orchards.leaves_clay":7,"stat.craftItem.minecraft.redstone_block":28,"stat.pickup.minecraft.crafting_table":2,"stat.useItem.minecraft.log":1,"stat.craftItem.minecraft.crafting_table":5,"stat.craftItem.ceramics.clay_bucket":1,"stat.killEntity.LavaSlime":5,"stat.pickup.minecraft.log":545,"stat.useItem.storagenetwork.ex_kabel":4,"stat.pickup.mekanism.machineblock":1,"stat.mineBlock.simplegenerators.combustion_upgradable":1,"stat.pickup.sky_orchards.acorn_sand":122,"stat.pickup.sky_orchards.amber_tin":1,"stat.pickup.minecraft.sapling":13,"stat.craftItem.tconstruct.smeltery_controller":1,"stat.pickup.minecraft.beetroot":8,"stat.killEntity.rogue_android":6,"stat.drop.minecraft.dropper":45,"stat.killEntity.WitherSkeleton":11,"stat.mineBlock.mekanism.machineblock":1,"stat.mineBlock.sky_orchards.log_clay":30,"stat.useItem.minecraft.stone_hoe":7,"stat.pickup.sky_orchards.acorn_lapis":3,"stat.craftItem.minecraft.sugar":7,"stat.useItem.sky_orchards.sapling_coal":7,"stat.sneakTime":35489,"stat.pickup.sky_orchards.sapling_diamond":2,"stat.drop.minecraft.bucket":1,"stat.pickup.rustic.deathstalk_mushroom":2,"stat.pickup.minecraft.yellow_flower":2,"stat.useItem.sky_orchards.sapling_dirt":17,"stat.drop.minecraft.wooden_axe":8,"stat.pickup.minecraft.chest":4,"stat.drop.sky_orchards.sapling_lead":1,"stat.craftItem.minecraft.diamond_chestplate":3,"stat.pickup.minecraft.bone":3,"stat.craftItem.ceramics.unfired_clay":1,"stat.mineBlock.sky_orchards.leaves_gravel":646,"stat.craftItem.sky_orchards.sapling_quartz":1,"stat.craftItem.tconstruct.faucet":1,"stat.pickup.sky_orchards.resin_dirt":142,"stat.craftItem.minecraft.diamond_helmet":3,"stat.craftItem.sky_orchards.amber_iron":107,"stat.mineBlock.storagenetwork.im_kabel":2,"stat.swimOneCm":425,"stat.craftItem.inspirations.stone_crook":4,"stat.useItem.minecraft.dirt":24,"stat.drop.minecraft.brick":32,"stat.craftItem.minecraft.bone_block":50,"stat.craftItem.sky_orchards.sapling_bone":1,"stat.craftItem.extendedcrafting.handheld_table":1,"stat.pickup.minecraft.anvil":1,"stat.pickup.minecraft.cobblestone":132,"stat.craftItem.minecraft.glass_bottle":3,"stat.pickup.minecraft.clay":87,"stat.pickup.minecraft.soul_sand":717,"stat.useItem.cyclicmagic.item_pump":2,"stat.pickup.sky_orchards.sapling_lead":1,"stat.pickup.sky_orchards.resin_coal":598,"stat.craftItem.minecraft.wooden_slab":324,"stat.craftItem.sky_orchards.amber_lapis":3,"stat.pickup.sky_orchards.sapling_petrified":184,"stat.craftItem.mekanism.electrolyticcore":1,"stat.mineBlock.cyclicmagic.auto_crafter":1,"stat.mineBlock.sky_orchards.leaves_cottonwood":57,"stat.craftItem.tp.blaze_cobblegen_block":1,"stat.killEntity.ranged_rogue_android":1,"stat.mineBlock.sky_orchards.sapling_sand":3,"stat.craftItem.minecraft.cake":1,"stat.drop.tconstruct.tooltables":1,"stat.pickup.minecraft.wooden_axe":1,"stat.pickup.tconstruct.soil":16,"stat.drop.inspirations.mulch":24,"stat.useItem.sky_orchards.sapling_clay":6,"stat.mineBlock.minecraft.nether_brick":21,"stat.useItem.xlfoodmod.coffee":1,"stat.craftItem.tconstruct.soil":89,"stat.useItem.tconstruct.edible":37,"stat.craftItem.minecraft.brick_block":6,"stat.pickup.xlfoodmod.corn_seeds":5,"stat.mineBlock.sky_orchards.leaves_clay":253,"stat.craftItem.minecraft.stone_slab2":0,"stat.pickup.sky_orchards.sapling_cottonwood":7,"stat.craftItem.thermaldynamics.duct_32":42,"stat.craftItem.tp.reinforced_obsidian_ingot":9,"stat.craftItem.minecraft.stick":232,"stat.craftItem.minecraft.stone":6,"stat.mineBlock.minecraft.crafting_table":2,"stat.useItem.minecraft.diamond_pickaxe":27,"stat.craftItem.cyclicmagic.auto_packager":4,"stat.craftItem.minecraft.clay_ball":256,"stat.drop.morecauldrons.oak_cauldron":1,"stat.pickup.sky_orchards.amber_silver":1,"stat.mineBlock.minecraft.planks":30,"stat.drop":82,"stat.craftItem.sky_orchards.sapling_clay":1,"stat.mineBlock.rustic.leaves_apple":52,"stat.useItem.tconstruct.seared":8,"stat.craftItem.minecraft.diamond_pickaxe":1,"stat.mineBlock.simplegenerators.combustion_simple":7,"stat.craftItem.minecraft.clay":30,"stat.useItem.thermaldynamics.filter":5,"stat.useItem.inspirations.stone_crook":838,"stat.pickup.sky_orchards.acorn_cottonwood":6,"stat.craftItem.minecraft.piston":1,"stat.pickup.tconstruct.toolforge":1,"stat.useItem.thermalfoundation.wrench":6,"stat.mineBlock.sky_orchards.leaves_bone":55,"stat.drop.minecraft.wooden_pickaxe":1,"stat.useItem.minecraft.glass_bottle":1,"stat.pickup.sky_orchards.amber_lead":1,"stat.pickup.morecauldrons.cobble_cauldron":1,"stat.craftItem.minecraft.brick_stairs":12,"stat.pickup.minecraft.brick":81,"stat.craftItem.tconstruct.rack":6,"stat.useItem.tp.birthday_pickaxe":1799,"stat.craftItem.bonsaitrees.bonsaipot":48,"stat.useItem.minecraft.stone_axe":128,"stat.mineBlock.cyclicmagic.item_pump":2,"stat.drop.inspirations.stone_crook":3,"stat.pickup.inspirations.sugar_cane_seeds":1,"stat.mineBlock.sky_orchards.log_lapis":5,"stat.craftItem.minecraft.iron_bars":16,"stat.drop.sky_orchards.leaves_clay":3,"stat.useItem.minecraft.wooden_pickaxe":17,"stat.pickup.mysticalagriculture.crafting":5,"stat.pickup.minecraft.reeds":17,"stat.craftItem.sky_orchards.amber_copper":1,"stat.pickup.sky_orchards.sapling_osmium":1,"stat.craftItem.minecraft.glass":32,"stat.damageDealt":7934,"stat.craftItem.minecraft.cauldron":1,"stat.craftItem.minecraft.anvil":1,"stat.mineBlock.sky_orchards.log_iron":42,"stat.craftItem.minecraft.gravel":23,"stat.pickup.sky_orchards.acorn_bone":2,"stat.walkOneCm":1159939,"stat.pickup.minecraft.stick":36,"stat.craftItem.thermaldynamics.filter":6,"stat.craftItem.sky_orchards.sapling_bacon":1,"stat.mineBlock.compactstorage.compactchest":1,"stat.pickup.minecraft.clay_ball":13,"stat.craftItem.inspirations.wooden_crook":31,"stat.pickup.sky_orchards.acorn_clay":28,"stat.pickup.rustic.apple_seeds":1,"stat.useItem.storagenetwork.im_kabel":1,"stat.craftItem.thermaldynamics.servo":2,"stat.craftItem.simplegenerators.combustion_upgradable":1,"stat.mineBlock.sky_orchards.log_gravel":70,"stat.craftItem.minecraft.diamond_boots":2,"stat.pickup.storagenetwork.im_kabel":2,"stat.pickup.sky_orchards.acorn_gravel":92,"stat.craftItem.minecraft.redstone":171,"stat.pickup.sky_orchards.sapling_gravel":142,"stat.drop.sky_orchards.sapling_diamond":1,"stat.drop.cyclicmagic.tool_auto_torch":1,"stat.pickup.minecraft.gold_ingot":1,"stat.pickup.thermaldynamics.servo":12,"stat.killEntity.Skeleton":1,"stat.useItem.sky_orchards.acorn_clay":6,"stat.craftItem.cyclicmagic.energy_pipe":24,"stat.pickup.cyclicmagic.item_pipe":9,"stat.craftItem.sky_orchards.sapling_glowstone":1,"stat.craftItem.mekanism.machineblock2":1,"stat.mineBlock.minecraft.quartz_ore":45,"stat.mineBlock.inspirations.mulch":1,"stat.pickup.minecraft.quartz":46,"stat.craftItem.minecraft.fence":84,"stat.craftItem.farmingforblockheads.market":1,"stat.craftItem.valkyrielib.modifier_component":4,"stat.mineBlock.minecraft.leaves":56,"stat.craftItem.sky_orchards.amber_diamond":1,"stat.mineBlock.tconstruct.seared":6,"stat.pickup.sky_orchards.leaves_tin":64,"stat.craftItem.sky_orchards.amber_nickel":1,"stat.useItem.chisel.cobblestone2":6,"stat.mineBlock.tconstruct.casting":4,"stat.craftItem.minecraft.brick":225,"stat.craftItem.simplegenerators.turbine_simple":1}