{
  "sf4:age1/sapling/cottonwood": {
    "criteria": {
      "Completed Root": "2024-05-07 00:28:25 -0300",
      "Obtain Cottonwood Sapling": "2024-05-08 00:45:25 -0300"
    },
    "done": true
  },
  "tutorial:tutorial/oakplanks": {
    "criteria": {
      "Obtain Oak Wood Planks": "2024-05-07 00:30:18 -0300"
    },
    "done": false
  },
  "sf4:age1/complete": {
    "criteria": {
      "Completed OinkTree§r": "2024-05-09 00:32:00 -0300",
      "Completed Tin Man§r": "2024-05-08 22:27:26 -0300",
      "Completed Air Fryer§r": "2024-05-07 00:39:52 -0300",
      "Completed Silver Spoon§r": "2024-05-08 23:09:32 -0300",
      "Completed That\u0027s Dir-tree§r": "2024-05-07 00:30:05 -0300",
      "Completed Sticky Keys§r": "2024-05-07 00:44:32 -0300",
      "Completed You Cotton Be Kidding Me§r": "2024-05-08 00:45:25 -0300",
      "Completed Stone Crook§r": "2024-05-08 12:27:17 -0300",
      "Completed Water You Waiting For?§r": "2024-05-08 00:49:10 -0300",
      "Completed Silver Surfer§r": "2024-05-08 23:08:11 -0300",
      "Completed Break a Leg§r": "2024-05-07 01:12:23 -0300",
      "Completed This Tree is Forever§r": "2024-05-08 23:12:14 -0300",
      "Completed Blue Man Group§r": "2024-05-08 22:36:13 -0300",
      "Completed I Love Lucy§r": "2024-05-07 00:46:45 -0300",
      "Completed Hotbois§r": "2024-05-08 02:08:42 -0300",
      "Completed Palm Trees§r": "2024-05-08 00:47:52 -0300",
      "Completed Root": "2024-05-07 00:28:25 -0300",
      "Completed It\u0027s Tin This Pack§r": "2024-05-08 22:30:17 -0300",
      "Completed Captain Hook§r": "2024-05-07 01:05:22 -0300",
      "Completed Trees to Diamonds§r": "2024-05-08 23:17:10 -0300",
      "Completed Not a Helmet§r": "2024-05-08 13:24:25 -0300",
      "Completed Study in the Dark Arts§r": "2024-05-08 23:21:20 -0300",
      "Completed It\u0027s Electric§r": "2024-05-08 22:41:31 -0300",
      "Completed Dirty Dancing§r": "2024-05-07 00:38:27 -0300",
      "Completed Amber is the Color of my Dinosaur§r": "2024-05-08 00:51:56 -0300",
      "Completed SkyFactory 4§r": "2024-05-07 00:28:25 -0300",
      "Completed Don\u0027t Sieve on Me§r": "2024-05-08 00:35:31 -0300",
      "Completed Lead Zeppelin§r": "2024-05-08 22:53:27 -0300",
      "Completed Lead it Go§r": "2024-05-08 22:50:48 -0300",
      "Completed Bubble, Bubble§r": "2024-05-08 00:37:05 -0300",
      "Completed One Shiny Boi§r": "2024-05-08 22:59:27 -0300",
      "Completed Money Grows on Trees§r": "2024-05-08 23:01:52 -0300",
      "Completed Slop in the Bucket§r": "2024-05-07 01:00:56 -0300",
      "Completed You Cotton Something?§r": "2024-05-08 00:45:32 -0300",
      "Completed On the Rocks§r": "2024-05-07 00:54:00 -0300",
      "Completed Starting from the Bottom§r": "2024-05-07 00:29:59 -0300",
      "Completed COALateral Damage§r": "2024-05-08 00:51:21 -0300",
      "Completed Oh, the Irony§r": "2024-05-08 00:53:41 -0300",
      "Completed Ironwood§r": "2024-05-08 02:10:45 -0300",
      "Completed Hardwood§r": "2024-05-07 00:44:14 -0300",
      "Completed Sixteen Tons§r": "2024-05-08 00:50:06 -0300",
      "Completed Eating Dirt§r": "2024-05-08 00:33:51 -0300",
      "Completed Clay Aiken§r": "2024-05-07 00:50:18 -0300",
      "Completed I Don\u0027t Know§r": "2024-05-08 23:57:17 -0300"
    },
    "done": false
  },
  "sf4:age1/sapling/bacon": {
    "criteria": {
      "Completed Root": "2024-05-07 00:28:25 -0300",
      "Obtain Bacon Sapling": "2024-05-09 00:32:00 -0300"
    },
    "done": true
  },
  "sf4:age1/nonpacifist": {
    "criteria": {
      "superflat2": "2024-05-07 00:28:25 -0300",
      "superflat32": "2024-05-07 00:28:25 -0300",
      "Completed Root": "2024-05-07 00:28:25 -0300"
    },
    "done": true
  },
  "sf4:age_exploration/cobaltore": {
    "criteria": {
      "Obtain Cobalt Ore": "2024-05-10 21:41:42 -0300"
    },
    "done": true
  },
  "sf4:age1/sapling/slime": {
    "criteria": {
      "Completed Root": "2024-05-07 00:28:25 -0300",
      "Obtain Blue Slime Sapling": "2024-05-08 23:57:17 -0300"
    },
    "done": true
  },
  "sf4:age1/string": {
    "criteria": {
      "Completed Root": "2024-05-07 00:28:25 -0300",
      "Obtain Cottonwood Sapling": "2024-05-08 00:45:25 -0300",
      "Obtain String": "2024-05-08 00:45:32 -0300"
    },
    "done": true
  },
  "sf4:age_power/upgradeablegenerators": {
    "criteria": {
      "Obtain Simple Upgradable Combustion Generator": "2024-05-10 22:19:30 -0300"
    },
    "done": true
  },
  "compactmachines:test/7x7x7": {
    "criteria": {
      "Obtain Netherrack": "2024-05-09 00:05:16 -0300"
    },
    "done": false
  },
  "sf4:age_storage/complete_no_prestige": {
    "criteria": {
      "Prestige Mode Disabled": "2024-05-07 00:28:25 -0300",
      "Completed Whopper!§r": "2024-05-08 13:27:45 -0300",
      "Completed CAT 5§r": "2024-05-10 12:40:49 -0300",
      "Completed I WANT IT NOW!§r": "2024-05-10 12:52:00 -0300",
      "Completed Wood You Hand Me That Crate Please?§r": "2024-05-10 21:18:23 -0300",
      "Completed Age of Storage§r": "2024-05-07 00:28:24 -0300",
      "Completed Hop to It§r": "2024-05-08 01:27:03 -0300",
      "Completed Better Than 1080p§r": "2024-05-10 22:08:32 -0300"
    },
    "done": false
  },
  "sf4:age1/sapling/petrified": {
    "criteria": {
      "Completed Root": "2024-05-07 00:28:25 -0300",
      "Obtain Petrified Sapling": "2024-05-07 00:44:14 -0300"
    },
    "done": true
  },
  "sf4:age1/sapling/redstone": {
    "criteria": {
      "Completed Root": "2024-05-07 00:28:25 -0300",
      "Obtain Redstone Sapling": "2024-05-08 22:41:31 -0300"
    },
    "done": true
  },
  "sf4:age_storage/bdsandmupgrade4": {
    "criteria": {
      "Obtain x4k Storage Upgrade": "2024-05-10 22:08:32 -0300"
    },
    "done": true
  },
  "compactmachines:test/3x3x3": {
    "criteria": {
      "Obtain Grass Block": "2024-05-08 13:11:53 -0300"
    },
    "done": false
  },
  "sf4:age1/sapling/tin": {
    "criteria": {
      "Completed Root": "2024-05-07 00:28:25 -0300",
      "Obtain Tin Sapling": "2024-05-08 22:30:17 -0300"
    },
    "done": true
  },
  "sf4:age1/wooden_crook": {
    "criteria": {
      "Completed Root": "2024-05-07 00:28:25 -0300",
      "Obtain Wooden Crook": "2024-05-07 01:05:22 -0300"
    },
    "done": true
  },
  "tutorial:tutorial/copied/sandsapling": {
    "criteria": {
      "Obtain Sand Sapling": "2024-05-08 00:47:52 -0300"
    },
    "done": false
  },
  "sf4:age_farming/bonsai": {
    "criteria": {
      "Obtain Bonsai Pot": "2024-05-07 01:00:53 -0300"
    },
    "done": true
  },
  "pacifist:pacifist_run/root": {
    "criteria": {
      "hasRock": "2024-05-07 00:28:25 -0300"
    },
    "done": false
  },
  "sf4:age_storage/complete": {
    "criteria": {
      "Completed Whopper!§r": "2024-05-08 13:27:45 -0300",
      "Completed CAT 5§r": "2024-05-10 12:40:49 -0300",
      "Completed I WANT IT NOW!§r": "2024-05-10 12:52:00 -0300",
      "Completed Wood You Hand Me That Crate Please?§r": "2024-05-10 21:18:23 -0300",
      "Completed Age of Storage§r": "2024-05-07 00:28:24 -0300",
      "Completed Hop to It§r": "2024-05-08 01:27:03 -0300",
      "Completed Better Than 1080p§r": "2024-05-10 22:08:32 -0300"
    },
    "done": false
  },
  "tutorial:tutorial/copied/slimesapling": {
    "criteria": {
      "Obtain Blue Slime Sapling": "2024-05-08 23:57:17 -0300"
    },
    "done": false
  },
  "tutorial:tutorial/craftingstation": {
    "criteria": {
      "Obtain a Crafting Station": "2024-05-09 00:06:22 -0300"
    },
    "done": false
  },
  "sf4:age1/slabs": {
    "criteria": {
      "Completed Root": "2024-05-07 00:28:25 -0300"
    },
    "done": false
  },
  "sf4:age_farming/wheatseeds": {
    "criteria": {
      "Obtain Wheat Seeds": "2024-05-08 13:12:30 -0300"
    },
    "done": true
  },
  "tutorial:tutorial/copied/gold": {
    "criteria": {
      "Obtain Gold Amber": "2024-05-08 22:59:27 -0300"
    },
    "done": false
  },
  "sf4:age_power/autopackager": {
    "criteria": {
      "Obtain Auto Packager": "2024-05-10 12:19:16 -0300"
    },
    "done": true
  },
  "sf4:age1/lavasource": {
    "criteria": {
      "Completed SkyFactory 4§r": "2024-05-07 00:28:25 -0300",
      "Completed Root": "2024-05-07 00:28:25 -0300"
    },
    "done": false
  },
  "tutorial:tutorial/copied/petrifiedsapling": {
    "criteria": {
      "Obtain Petrified Sapling": "2024-05-07 00:44:14 -0300"
    },
    "done": false
  },
  "sf4:age_exploration/nether": {
    "criteria": {
      "Entered Nether": "2024-05-10 21:35:38 -0300"
    },
    "done": true
  },
  "sf4:age_storage/bdsandmwoodencrate": {
    "criteria": {
      "Obtain Wood Crate": "2024-05-10 21:18:23 -0300"
    },
    "done": true
  },
  "hardcore:hardcore/forgivingvoid": {
    "criteria": {
      "Completed Age of Exploration§r": "2024-05-07 00:28:24 -0300"
    },
    "done": false
  },
  "sf4:age_storage/simplestoragerequest": {
    "criteria": {
      "Obtain Request Block": "2024-05-10 12:52:00 -0300"
    },
    "done": true
  },
  "sf4:age_enhancement/completenoprestige": {
    "criteria": {
      "Prestige Mode Disabled": "2024-05-07 00:28:25 -0300",
      "Completed Forging Ahead§r": "2024-05-09 00:06:11 -0300",
      "Completed Rolling into the Station§r": "2024-05-09 00:06:36 -0300",
      "Completed It\u0027s Over 20!§r": "2024-05-10 21:44:57 -0300",
      "Completed Age of Enhancement§r": "2024-05-07 00:28:24 -0300",
      "Completed Ore\u0027nt You Glad I Didn\u0027t Say Banana§r": "2024-05-08 01:50:13 -0300",
      "Completed Storage Wars§r": "2024-05-10 21:59:47 -0300"
    },
    "done": false
  },
  "tutorial:tutorial/copied/goldsapling": {
    "criteria": {
      "Obtain Gold Sapling": "2024-05-08 23:01:52 -0300"
    },
    "done": false
  },
  "tutorial:tutorial/copied/watercollection": {
    "criteria": {
      "Right Click Cauldron with Water Inside": "2024-05-08 01:09:03 -0300",
      "Right Click Boiling Cauldron with Water Inside": "2024-05-08 13:25:12 -0300",
      "Right Click Boiling Vanilla Cauldron with Water Inside": "2024-05-10 21:26:32 -0300"
    },
    "done": false
  },
  "sf4:age1/completenoprestige": {
    "criteria": {
      "Completed OinkTree§r": "2024-05-09 00:32:00 -0300",
      "Completed Tin Man§r": "2024-05-08 22:27:26 -0300",
      "Completed Air Fryer§r": "2024-05-07 00:39:52 -0300",
      "Completed Silver Spoon§r": "2024-05-08 23:09:32 -0300",
      "Prestige Mode Disabled": "2024-05-07 00:28:25 -0300",
      "Completed That\u0027s Dir-tree§r": "2024-05-07 00:30:05 -0300",
      "Completed Sticky Keys§r": "2024-05-07 00:44:32 -0300",
      "Completed You Cotton Be Kidding Me§r": "2024-05-08 00:45:25 -0300",
      "Completed Stone Crook§r": "2024-05-08 12:27:17 -0300",
      "Completed Water You Waiting For?§r": "2024-05-08 00:49:10 -0300",
      "Completed Silver Surfer§r": "2024-05-08 23:08:11 -0300",
      "Completed Break a Leg§r": "2024-05-07 01:12:23 -0300",
      "Completed This Tree is Forever§r": "2024-05-08 23:12:14 -0300",
      "Completed Blue Man Group§r": "2024-05-08 22:36:13 -0300",
      "Completed I Love Lucy§r": "2024-05-07 00:46:45 -0300",
      "Completed Hotbois§r": "2024-05-08 02:08:42 -0300",
      "Completed Palm Trees§r": "2024-05-08 00:47:52 -0300",
      "Completed Root": "2024-05-07 00:28:25 -0300",
      "Completed It\u0027s Tin This Pack§r": "2024-05-08 22:30:17 -0300",
      "Completed Captain Hook§r": "2024-05-07 01:05:22 -0300",
      "Completed Trees to Diamonds§r": "2024-05-08 23:17:10 -0300",
      "Completed Not a Helmet§r": "2024-05-08 13:24:25 -0300",
      "Completed Study in the Dark Arts§r": "2024-05-08 23:21:20 -0300",
      "Completed It\u0027s Electric§r": "2024-05-08 22:41:31 -0300",
      "Completed Dirty Dancing§r": "2024-05-07 00:38:27 -0300",
      "Completed Amber is the Color of my Dinosaur§r": "2024-05-08 00:51:56 -0300",
      "Completed SkyFactory 4§r": "2024-05-07 00:28:25 -0300",
      "Completed Don\u0027t Sieve on Me§r": "2024-05-08 00:35:31 -0300",
      "Completed Lead Zeppelin§r": "2024-05-08 22:53:27 -0300",
      "Completed Lead it Go§r": "2024-05-08 22:50:48 -0300",
      "Completed Bubble, Bubble§r": "2024-05-08 00:37:05 -0300",
      "Completed One Shiny Boi§r": "2024-05-08 22:59:27 -0300",
      "Completed Money Grows on Trees§r": "2024-05-08 23:01:52 -0300",
      "Completed Slop in the Bucket§r": "2024-05-07 01:00:56 -0300",
      "Completed You Cotton Something?§r": "2024-05-08 00:45:32 -0300",
      "Completed On the Rocks§r": "2024-05-07 00:54:00 -0300",
      "Completed Starting from the Bottom§r": "2024-05-07 00:29:59 -0300",
      "Completed COALateral Damage§r": "2024-05-08 00:51:21 -0300",
      "Completed Oh, the Irony§r": "2024-05-08 00:53:41 -0300",
      "Completed Ironwood§r": "2024-05-08 02:10:45 -0300",
      "Completed Hardwood§r": "2024-05-07 00:44:14 -0300",
      "Completed Sixteen Tons§r": "2024-05-08 00:50:06 -0300",
      "Completed Eating Dirt§r": "2024-05-08 00:33:51 -0300",
      "Completed Clay Aiken§r": "2024-05-07 00:50:18 -0300",
      "Completed I Don\u0027t Know§r": "2024-05-08 23:57:17 -0300"
    },
    "done": false
  },
  "sf4:age_farming/root": {
    "criteria": {
      "inventoryChange": "2024-05-07 00:28:24 -0300"
    },
    "done": true
  },
  "sf4:age_exploration/completenoprestige": {
    "criteria": {
      "Completed Age of Exploration§r": "2024-05-07 00:28:24 -0300",
      "Completed Nether Here Nor There§r": "2024-05-10 21:35:38 -0300",
      "Completed No Cake Like Home§r": "2024-05-10 21:35:38 -0300",
      "Prestige Mode Disabled": "2024-05-07 00:28:25 -0300"
    },
    "done": false
  },
  "sf4:age_power/root": {
    "criteria": {
      "inventoryChange": "2024-05-07 00:28:24 -0300"
    },
    "done": true
  },
  "tutorial:tutorial/copied/claysapling": {
    "criteria": {
      "Obtain a Clay Sapling": "2024-05-07 00:50:18 -0300"
    },
    "done": false
  },
  "tutorial:tutorial/copied/obsidian": {
    "criteria": {
      "Obtain Obsidian": "2024-05-08 23:21:20 -0300"
    },
    "done": false
  },
  "sf4:age1/sleep": {
    "criteria": {
      "Completed Root": "2024-05-07 00:28:25 -0300"
    },
    "done": false
  },
  "sf4:age1/sapling/lead": {
    "criteria": {
      "Completed Root": "2024-05-07 00:28:25 -0300",
      "Obtain Lead Sapling": "2024-05-08 22:53:27 -0300"
    },
    "done": true
  },
  "sf4:age1/sapling/diamond": {
    "criteria": {
      "Completed Root": "2024-05-07 00:28:25 -0300",
      "Obtain Diamond Sapling": "2024-05-08 23:12:14 -0300"
    },
    "done": true
  },
  "sf4:age1/watersource": {
    "criteria": {
      "Completed SkyFactory 4§r": "2024-05-07 00:28:25 -0300",
      "Completed Root": "2024-05-07 00:28:25 -0300"
    },
    "done": false
  },
  "sf4:age_farming/animalseeds": {
    "criteria": {
      "Cow Seed": "2024-05-08 23:52:47 -0300"
    },
    "done": false
  },
  "sf4:age1/cauldron": {
    "criteria": {
      "Completed Root": "2024-05-07 00:28:25 -0300",
      "Obtain a Cauldron": "2024-05-08 00:37:05 -0300"
    },
    "done": true
  },
  "sf4:age1/cobblestone_generator": {
    "criteria": {
      "Completed Root": "2024-05-07 00:28:25 -0300"
    },
    "done": false
  },
  "tutorial:tutorial/copied/cobblestone": {
    "criteria": {
      "Obtain Cobblestone Block": "2024-05-07 00:54:00 -0300"
    },
    "done": false
  },
  "sf4:age1/sapling/gravel": {
    "criteria": {
      "Completed Root": "2024-05-07 00:28:25 -0300",
      "Obtain Gravel Sapling": "2024-05-08 00:35:31 -0300"
    },
    "done": true
  },
  "sf4:age1/crushing_tub": {
    "criteria": {
      "Obtain Crushing Tub": "2024-05-07 00:46:45 -0300",
      "Completed Root": "2024-05-07 00:28:25 -0300"
    },
    "done": true
  },
  "sf4:age1/prestige_notify": {
    "criteria": {
      "Completed Root": "2024-05-07 00:28:25 -0300"
    },
    "done": false
  },
  "tutorial:tutorial/petrifiedacorn": {
    "criteria": {
      "Obtain Oak Wood Planks": "2024-05-07 00:41:37 -0300"
    },
    "done": false
  },
  "sf4:age1/lava": {
    "criteria": {
      "Completed Root": "2024-05-07 00:28:25 -0300",
      "Obtain Lava Clay Bucket": "2024-05-08 02:08:42 -0300"
    },
    "done": true
  },
  "pacifist:pacifist_run/lose": {
    "criteria": {
      "killed poor innocent creature": "2024-05-10 21:38:07 -0300"
    },
    "done": false
  },
  "sf4:age1/root": {
    "criteria": {
      "non_tutorial_start": "2024-05-07 00:28:25 -0300"
    },
    "done": true
  },
  "tutorial:tutorial/woodencrook": {
    "criteria": {
      "Obtain a Wooden Crook": "2024-05-07 01:05:22 -0300"
    },
    "done": false
  },
  "sf4:age1/sapling/donut": {
    "criteria": {
      "Completed Root": "2024-05-07 00:28:25 -0300"
    },
    "done": false
  },
  "tutorial:tutorial/copied/ironsapling": {
    "criteria": {
      "Obtain Iron Sapling": "2024-05-08 02:10:45 -0300"
    },
    "done": false
  },
  "sf4:age_farming/fertilesoil": {
    "criteria": {
      "Obtain Fertile Soil": "2024-05-08 12:37:39 -0300"
    },
    "done": true
  },
  "sf4:age1/sapling/silver": {
    "criteria": {
      "Completed Root": "2024-05-07 00:28:25 -0300",
      "Obtain Silver Sapling": "2024-05-08 23:09:32 -0300"
    },
    "done": true
  },
  "sf4:age_power/completenoprestige": {
    "criteria": {
      "Prestige Mode Disabled": "2024-05-07 00:28:25 -0300",
      "Completed Generator, I Hardly Know Her§r": "2024-05-10 12:25:21 -0300",
      "Completed Package Control§r": "2024-05-10 12:19:16 -0300",
      "Completed Age of Power§r": "2024-05-07 00:28:24 -0300",
      "Completed Level Up!§r": "2024-05-10 22:19:30 -0300"
    },
    "done": false
  },
  "sf4:age1/sapling/clay": {
    "criteria": {
      "Completed Root": "2024-05-07 00:28:25 -0300",
      "Obtain a Clay Sapling": "2024-05-07 00:50:18 -0300"
    },
    "done": true
  },
  "sf4:age1/cobblestone": {
    "criteria": {
      "Completed Root": "2024-05-07 00:28:25 -0300",
      "Obtain Cobblestone Block": "2024-05-07 00:54:00 -0300"
    },
    "done": true
  },
  "sf4:age1/sapling/gold": {
    "criteria": {
      "Completed Root": "2024-05-07 00:28:25 -0300",
      "Obtain Gold Sapling": "2024-05-08 23:01:52 -0300"
    },
    "done": true
  },
  "sf4:age_farming/hoppingbonsai": {
    "criteria": {
      "Obtain Bonsai Pot": "2024-05-08 01:27:06 -0300"
    },
    "done": true
  },
  "sf4:age_farming/sugarcaneseed": {
    "criteria": {
      "Obtain Sugar Cane Seeds": "2024-05-09 00:28:32 -0300"
    },
    "done": true
  },
  "tutorial:tutorial/dryingrack": {
    "criteria": {
      "Obtain Oak Wood Planks": "2024-05-07 00:39:52 -0300"
    },
    "done": false
  },
  "sf4:age1/amber/tin": {
    "criteria": {
      "Completed Root": "2024-05-07 00:28:25 -0300",
      "Obtain Tin Amber": "2024-05-08 22:27:26 -0300"
    },
    "done": true
  },
  "sf4:age1/acorn/dirt": {
    "criteria": {
      "Obtain Dirt Acorn": "2024-05-07 00:29:59 -0300",
      "Completed Root": "2024-05-07 00:28:25 -0300"
    },
    "done": true
  },
  "twilightforest:alt/compat/tconstruct": {
    "criteria": {
      "toolforge": "2024-05-09 00:06:11 -0300"
    },
    "done": true
  },
  "sf4:age_allthethingsomglol/complete": {
    "criteria": {
      "Completed Age of ALLTHETHINGSOMGLOL§r": "2024-05-07 00:28:24 -0300"
    },
    "done": false
  },
  "tutorial:tutorial/oakwood": {
    "criteria": {
      "Obtain Oak Wood": "2024-05-07 00:29:50 -0300"
    },
    "done": false
  },
  "sf4:age_enhancement/root": {
    "criteria": {
      "inventoryChange": "2024-05-07 00:28:24 -0300"
    },
    "done": true
  },
  "sf4:age_exploration/overworldcake": {
    "criteria": {
      "Obtain Overworld Cake": "2024-05-10 21:35:38 -0300"
    },
    "done": true
  },
  "sf4:age_exploration/complete": {
    "criteria": {
      "Completed Age of Exploration§r": "2024-05-07 00:28:24 -0300",
      "Completed Nether Here Nor There§r": "2024-05-10 21:35:38 -0300",
      "Completed No Cake Like Home§r": "2024-05-10 21:35:38 -0300"
    },
    "done": false
  },
  "sf4:age1/sapling/dirt": {
    "criteria": {
      "Obtain Dirt Sapling": "2024-05-07 00:30:05 -0300",
      "Completed Root": "2024-05-07 00:28:25 -0300"
    },
    "done": true
  },
  "sf4:age1/resourcehogs": {
    "criteria": {
      "Completed Root": "2024-05-07 00:28:25 -0300"
    },
    "done": false
  },
  "sf4:age1/iron_ingot": {
    "criteria": {
      "Completed Root": "2024-05-07 00:28:25 -0300",
      "Obtain Iron Ingot": "2024-05-08 00:53:41 -0300"
    },
    "done": true
  },
  "sf4:age_exploration/arditeore": {
    "criteria": {
      "Obtain Ardite Ore": "2024-05-10 21:45:21 -0300"
    },
    "done": true
  },
  "sf4:age1/green_slimy_dirt": {
    "criteria": {
      "Completed Root": "2024-05-07 00:28:25 -0300"
    },
    "done": false
  },
  "sf4:age_storage/hopper": {
    "criteria": {
      "Obtain Hopper": "2024-05-08 01:27:03 -0300"
    },
    "done": true
  },
  "sf4:age_enhancement/tank": {
    "criteria": {
      "Obtain Tank": "2024-05-08 01:50:13 -0300"
    },
    "done": true
  },
  "sf4:age1/iron_bucket": {
    "criteria": {
      "Completed Root": "2024-05-07 00:28:25 -0300",
      "Obtain Iron Bucket": "2024-05-08 13:24:25 -0300"
    },
    "done": true
  },
  "tutorial:tutorial/copied/gravelsapling": {
    "criteria": {
      "Obtain Gravel Sapling": "2024-05-08 00:35:31 -0300"
    },
    "done": false
  },
  "sf4:age1/amber/silver": {
    "criteria": {
      "Completed Root": "2024-05-07 00:28:25 -0300",
      "Obtain Silver Amber": "2024-05-08 23:08:11 -0300"
    },
    "done": true
  },
  "sf4:age_enhancement/toolstation": {
    "criteria": {
      "Obtain Tool Station": "2024-05-09 00:06:36 -0300"
    },
    "done": true
  },
  "sf4:age1/amber/lead": {
    "criteria": {
      "Completed Root": "2024-05-07 00:28:25 -0300",
      "Obtain Lead Amber": "2024-05-08 22:50:48 -0300"
    },
    "done": true
  },
  "sf4:age_farming/brownmulch": {
    "criteria": {
      "Obtain Brown Mulch": "2024-05-08 23:18:19 -0300"
    },
    "done": true
  },
  "tutorial:tutorial/placedirtsapling": {
    "criteria": {
      "Placed Dirt Sapling": "2024-05-07 00:34:28 -0300"
    },
    "done": false
  },
  "sf4:age1/amber/gold": {
    "criteria": {
      "Completed Root": "2024-05-07 00:28:25 -0300",
      "Obtain Gold Amber": "2024-05-08 22:59:27 -0300"
    },
    "done": true
  },
  "tutorial:tutorial/dirtsapling": {
    "criteria": {
      "Obtain a Dirt Sapling": "2024-05-07 00:30:05 -0300"
    },
    "done": false
  },
  "tutorial:tutorial/copied/cauldron": {
    "criteria": {
      "Obtain a Cauldron": "2024-05-08 00:37:05 -0300"
    },
    "done": false
  },
  "sf4:age_farming/skyorchards": {
    "criteria": {
      "Obtain Dirt Sapling": "2024-05-07 00:30:05 -0300",
      "Obtain Osmium Sapling": "2024-05-10 22:23:59 -0300",
      "Obtain Lead Sapling": "2024-05-08 22:53:27 -0300",
      "Obtain Silver Sapling": "2024-05-08 23:09:32 -0300",
      "Obtain Coal Sapling": "2024-05-08 00:50:06 -0300",
      "Obtain Netherrack Sapling": "2024-05-10 22:33:30 -0300",
      "Obtain Diamond Sapling": "2024-05-08 23:12:14 -0300",
      "Obtain Copper Sapling": "2024-05-08 23:44:36 -0300",
      "Obtain Cottonwood Sapling": "2024-05-08 00:45:25 -0300",
      "Obtain Lapis Sapling": "2024-05-08 22:36:13 -0300",
      "Obtain Bacon Sapling": "2024-05-09 00:32:00 -0300",
      "Obtain Glowstone Sapling": "2024-05-10 22:32:59 -0300",
      "Obtain Emerald Sapling": "2024-05-09 00:03:48 -0300",
      "Obtain Petrified Sapling": "2024-05-07 00:44:14 -0300",
      "Obtain Tin Sapling": "2024-05-08 22:30:17 -0300",
      "Obtain Nickel Sapling": "2024-05-08 23:24:07 -0300",
      "Obtain Iron Sapling": "2024-05-08 02:10:45 -0300",
      "Obtain Sand Sapling": "2024-05-08 00:47:52 -0300",
      "Obtain Gold Sapling": "2024-05-08 23:01:52 -0300",
      "Obtain Redstone Sapling": "2024-05-08 22:41:31 -0300",
      "Obtain Clay Sapling": "2024-05-07 00:50:18 -0300",
      "Obtain Bone Sapling": "2024-05-07 01:12:23 -0300",
      "Obtain Gravel Sapling": "2024-05-08 00:35:31 -0300",
      "Obtain Quartz Sapling": "2024-05-10 22:13:09 -0300"
    },
    "done": false
  },
  "sf4:age_exploration/skygriddragonkill": {
    "criteria": {
      "Completed Age of Exploration§r": "2024-05-07 00:28:24 -0300"
    },
    "done": false
  },
  "tutorial:tutorial/copied/crushingtub": {
    "criteria": {
      "Obtain Crushing Tub": "2024-05-07 00:46:45 -0300"
    },
    "done": false
  },
  "tutorial:tutorial/copied/water": {
    "criteria": {
      "Obtain Water in an Iron Bucket": "2024-05-08 13:24:26 -0300",
      "Obtain Water in a Clay Bucket": "2024-05-08 00:49:10 -0300"
    },
    "done": false
  },
  "sf4:age1/sapling/lapis": {
    "criteria": {
      "Completed Root": "2024-05-07 00:28:25 -0300",
      "Obtain Lapis Sapling": "2024-05-08 22:36:13 -0300"
    },
    "done": true
  },
  "sf4:age1/coal": {
    "criteria": {
      "Completed Root": "2024-05-07 00:28:25 -0300",
      "Obtain Coal": "2024-05-08 00:51:21 -0300"
    },
    "done": true
  },
  "sf4:age_farming/cowjar": {
    "criteria": {
      "Obtain Cow in a Jar": "2024-05-09 00:41:52 -0300"
    },
    "done": true
  },
  "tutorial:tutorial/copied/iron": {
    "criteria": {
      "Obtain Iron Amber": "2024-05-08 00:51:56 -0300"
    },
    "done": false
  },
  "sf4:age_exploration/root": {
    "criteria": {
      "inventoryChange": "2024-05-07 00:28:24 -0300"
    },
    "done": true
  },
  "tutorial:tutorial/copied/coalsapling": {
    "criteria": {
      "Obtain Coal Sapling": "2024-05-08 00:50:06 -0300"
    },
    "done": false
  },
  "sf4:age_storage/root": {
    "criteria": {
      "inventoryChange": "2024-05-07 00:28:24 -0300"
    },
    "done": true
  },
  "sf4:age1/diamond": {
    "criteria": {
      "Obtain Diamond": "2024-05-08 23:17:10 -0300",
      "Completed Root": "2024-05-07 00:28:25 -0300"
    },
    "done": true
  },
  "sf4:age1/obsidian": {
    "criteria": {
      "Completed Root": "2024-05-07 00:28:25 -0300",
      "Obtain Obsidian": "2024-05-08 23:21:20 -0300"
    },
    "done": true
  },
  "tutorial:tutorial/copied/lava": {
    "criteria": {
      "Obtain Lava Clay Bucket": "2024-05-08 02:08:42 -0300",
      "Obtain Lava Iron Bucket": "2024-05-08 13:25:56 -0300"
    },
    "done": false
  },
  "sf4:age1/sapling/sand": {
    "criteria": {
      "Completed Root": "2024-05-07 00:28:25 -0300",
      "Obtain Sand Sapling": "2024-05-08 00:47:52 -0300"
    },
    "done": true
  },
  "sf4:age_storage/simplestoragecable": {
    "criteria": {
      "Obtain Network Cable": "2024-05-10 12:40:49 -0300"
    },
    "done": true
  },
  "sf4:age1/dirt": {
    "criteria": {
      "Completed Root": "2024-05-07 00:28:25 -0300",
      "Craft Dirt Block": "2024-05-07 00:38:27 -0300"
    },
    "done": true
  },
  "sf4:age1/sapling/coal": {
    "criteria": {
      "Completed Root": "2024-05-07 00:28:25 -0300",
      "Obtain Coal Sapling": "2024-05-08 00:50:06 -0300"
    },
    "done": true
  },
  "sf4:age_enhancement/complete": {
    "criteria": {
      "Completed Forging Ahead§r": "2024-05-09 00:06:11 -0300",
      "Completed Rolling into the Station§r": "2024-05-09 00:06:36 -0300",
      "Completed It\u0027s Over 20!§r": "2024-05-10 21:44:57 -0300",
      "Completed Age of Enhancement§r": "2024-05-07 00:28:24 -0300",
      "Completed Ore\u0027nt You Glad I Didn\u0027t Say Banana§r": "2024-05-08 01:50:13 -0300",
      "Completed Storage Wars§r": "2024-05-10 21:59:47 -0300"
    },
    "done": false
  },
  "sf4:age_enhancement/20damage": {
    "criteria": {
      "Deal 20 or More Damage": "2024-05-10 21:44:57 -0300"
    },
    "done": true
  },
  "tutorial:tutorial/copied/claybucket": {
    "criteria": {
      "Obtain Unfired Clay Bucket": "2024-05-07 01:00:56 -0300",
      "Obtain Clay Bucket": "2024-05-07 01:02:37 -0300"
    },
    "done": false
  },
  "sf4:age_power/simplegenerator": {
    "criteria": {
      "Obtain Simple Combustion Generator": "2024-05-10 12:25:21 -0300"
    },
    "done": true
  },
  "sf4:age1/sapling/iron": {
    "criteria": {
      "Completed Root": "2024-05-07 00:28:25 -0300",
      "Obtain Iron Sapling": "2024-05-08 02:10:45 -0300"
    },
    "done": true
  },
  "sf4:age1/stone_crook": {
    "criteria": {
      "Completed Root": "2024-05-07 00:28:25 -0300",
      "Obtain Stone Crook": "2024-05-08 12:27:17 -0300"
    },
    "done": true
  },
  "sf4:age1/sapling/bone": {
    "criteria": {
      "Completed Root": "2024-05-07 00:28:25 -0300",
      "Obtain Bone Sapling": "2024-05-07 01:12:23 -0300"
    },
    "done": true
  },
  "pacifist:pacifist_run/peaceful": {
    "criteria": {
      "brokeLeaves": "2024-05-07 00:28:52 -0300",
      "brokeLog": "2024-05-07 00:29:39 -0300"
    },
    "done": false
  },
  "sf4:age1/water": {
    "criteria": {
      "Completed Root": "2024-05-07 00:28:25 -0300",
      "Obtain Water in a Clay Bucket": "2024-05-08 00:49:10 -0300"
    },
    "done": true
  },
  "sf4:age1/acorn/dirt_cooked": {
    "criteria": {
      "Completed Root": "2024-05-07 00:28:25 -0300",
      "Obtain Cooked Dirt Acorn": "2024-05-08 00:33:51 -0300"
    },
    "done": true
  },
  "sf4:age1/twerk": {
    "criteria": {
      "Completed Root": "2024-05-07 00:28:25 -0300",
      "Obtain 8 Dirt Saplings": "2024-05-07 00:41:44 -0300",
      "Obtain 8 Oak Logs": "2024-05-07 00:44:32 -0300"
    },
    "done": true
  },
  "tutorial:tutorial/copied/diamondsapling": {
    "criteria": {
      "Obtain Diamond Sapling": "2024-05-08 23:12:14 -0300"
    },
    "done": false
  },
  "tutorial:tutorial/copied/diamond": {
    "criteria": {
      "Obtain Diamond": "2024-05-08 23:17:10 -0300"
    },
    "done": false
  },
  "tutorial:tutorial/copied/string": {
    "criteria": {
      "Obtain Cottonwood Sapling": "2024-05-08 00:45:25 -0300",
      "Obtain String": "2024-05-08 00:45:32 -0300"
    },
    "done": false
  },
  "sf4:age_power/complete": {
    "criteria": {
      "Completed Generator, I Hardly Know Her§r": "2024-05-10 12:25:21 -0300",
      "Completed Package Control§r": "2024-05-10 12:19:16 -0300",
      "Completed Age of Power§r": "2024-05-07 00:28:24 -0300",
      "Completed Level Up!§r": "2024-05-10 22:19:30 -0300"
    },
    "done": false
  },
  "sf4:age_enhancement/inventoryupgrade": {
    "criteria": {
      "Eat Cyclic Inventory Upgrade": "2024-05-10 21:59:47 -0300"
    },
    "done": true
  },
  "sf4:age_farming/market": {
    "criteria": {
      "Obtain Market": "2024-05-08 22:32:17 -0300"
    },
    "done": true
  },
  "sf4:age1/clay_bucket": {
    "criteria": {
      "Obtain Unfired Clay Bucket": "2024-05-07 01:00:56 -0300",
      "Completed Root": "2024-05-07 00:28:25 -0300"
    },
    "done": true
  },
  "compactmachines:test/5x5x52": {
    "criteria": {
      "Craft Simple Combustion Generator": "2024-05-10 12:25:21 -0300"
    },
    "done": false
  },
  "sf4:age_exploration/dragonkill": {
    "criteria": {
      "Enter Custom End Dimension": "2024-05-10 21:35:38 -0300"
    },
    "done": false
  },
  "sf4:age_farming/complete": {
    "criteria": {
      "Completed Bonsai!!!§r": "2024-05-07 01:00:53 -0300",
      "Completed Citizen Cane§r": "2024-05-09 00:28:32 -0300",
      "Completed Shredded Wheat§r": "2024-05-08 13:12:52 -0300",
      "Completed Condensed Milk§r": "2024-05-09 00:41:52 -0300",
      "Completed Age of Farming§r": "2024-05-07 00:28:24 -0300",
      "Completed This Little Piggy§r": "2024-05-08 22:32:17 -0300"
    },
    "done": false
  },
  "sf4:age1/amber/iron": {
    "criteria": {
      "Completed Root": "2024-05-07 00:28:25 -0300",
      "Obtain Iron Amber": "2024-05-08 00:51:56 -0300"
    },
    "done": true
  },
  "tutorial:tutorial/copied/ironingot": {
    "criteria": {
      "Obtain Iron Ingot": "2024-05-08 00:53:41 -0300"
    },
    "done": false
  },
  "tutorial:tutorial/copied/ironbucket": {
    "criteria": {
      "Obtain Iron Bucket": "2024-05-08 13:24:25 -0300"
    },
    "done": false
  },
  "sf4:age1/drying_rack": {
    "criteria": {
      "Completed Root": "2024-05-07 00:28:25 -0300",
      "Obtain Drying Rack": "2024-05-07 00:39:52 -0300"
    },
    "done": true
  },
  "sf4:age_storage/woodenhopper": {
    "criteria": {
      "Obtain Wooden Hopper": "2024-05-08 13:27:45 -0300"
    },
    "done": true
  },
  "tutorial:tutorial/placeoak": {
    "criteria": {
      "Placed Oak Wood Slab": "2024-05-07 00:30:31 -0300",
      "Placed Oak Planks": "2024-05-07 00:40:06 -0300"
    },
    "done": false
  },
  "sf4:age_allthethingsomglol/complete_no_prestige": {
    "criteria": {
      "Prestige Mode Disabled": "2024-05-07 00:28:25 -0300",
      "Completed Age of ALLTHETHINGSOMGLOL§r": "2024-05-07 00:28:24 -0300"
    },
    "done": false
  },
  "sf4:age1/sapling": {
    "criteria": {
      "Completed SkyFactory 4§r": "2024-05-07 00:28:25 -0300",
      "Has Sapling": "2024-05-07 00:30:05 -0300",
      "Completed Root": "2024-05-07 00:28:25 -0300"
    },
    "done": false
  },
  "sf4:age_farming/complete_no_prestige": {
    "criteria": {
      "Completed Cowabonsai!§r": "2024-05-08 01:27:06 -0300",
      "Prestige Mode Disabled": "2024-05-07 00:28:25 -0300",
      "Completed Citizen Cane§r": "2024-05-09 00:28:32 -0300",
      "Completed Shredded Wheat§r": "2024-05-08 13:12:52 -0300",
      "Completed Condensed Milk§r": "2024-05-09 00:41:52 -0300",
      "Completed Fertile Soil§r": "2024-05-08 12:37:39 -0300",
      "Completed This Little Piggy§r": "2024-05-08 22:32:17 -0300",
      "Completed Bonsai!!!§r": "2024-05-07 01:00:53 -0300",
      "Completed TuMULCHuous§r": "2024-05-08 23:18:19 -0300",
      "Completed Age of Farming§r": "2024-05-07 00:28:24 -0300"
    },
    "done": false
  },
  "sf4:age_enhancement/toolforge": {
    "criteria": {
      "Obtain Tool Forge": "2024-05-09 00:06:11 -0300"
    },
    "done": true
  },
  "sf4:age_allthethingsomglol/root": {
    "criteria": {
      "inventoryChange": "2024-05-07 00:28:24 -0300"
    },
    "done": true
  }
}