{
  "sf4:age1/sapling/cottonwood": {
    "criteria": {
      "Completed Root": "2024-05-07 03:28:25 +0000",
      "Obtain Cottonwood Sapling": "2024-05-08 03:45:25 +0000"
    },
    "done": true
  },
  "tutorial:tutorial/oakplanks": {
    "criteria": {
      "Obtain Oak Wood Planks": "2024-05-07 03:30:18 +0000"
    },
    "done": false
  },
  "sf4:age1/complete": {
    "criteria": {
      "Completed OinkTree§r": "2024-05-09 03:32:00 +0000",
      "Completed Tin Man§r": "2024-05-09 01:27:26 +0000",
      "Completed Air Fryer§r": "2024-05-07 03:39:52 +0000",
      "Completed Silver Spoon§r": "2024-05-09 02:09:32 +0000",
      "Completed That\u0027s Dir-tree§r": "2024-05-07 03:30:05 +0000",
      "Completed Sticky Keys§r": "2024-05-07 03:44:32 +0000",
      "Completed You Cotton Be Kidding Me§r": "2024-05-08 03:45:25 +0000",
      "Completed Stone Crook§r": "2024-05-08 15:27:17 +0000",
      "Completed Water You Waiting For?§r": "2024-05-08 03:49:10 +0000",
      "Completed Silver Surfer§r": "2024-05-09 02:08:11 +0000",
      "Completed Break a Leg§r": "2024-05-07 04:12:23 +0000",
      "Completed This Tree is Forever§r": "2024-05-09 02:12:14 +0000",
      "Completed Blue Man Group§r": "2024-05-09 01:36:13 +0000",
      "Completed I Love Lucy§r": "2024-05-07 03:46:45 +0000",
      "Completed Hotbois§r": "2024-05-08 05:08:42 +0000",
      "Completed Palm Trees§r": "2024-05-08 03:47:52 +0000",
      "Completed Root": "2024-05-07 03:28:25 +0000",
      "Completed It\u0027s Tin This Pack§r": "2024-05-09 01:30:17 +0000",
      "Completed Captain Hook§r": "2024-05-07 04:05:22 +0000",
      "Completed Trees to Diamonds§r": "2024-05-09 02:17:10 +0000",
      "Completed Not a Helmet§r": "2024-05-08 16:24:25 +0000",
      "Completed Study in the Dark Arts§r": "2024-05-09 02:21:20 +0000",
      "Completed It\u0027s Electric§r": "2024-05-09 01:41:31 +0000",
      "Completed Dirty Dancing§r": "2024-05-07 03:38:27 +0000",
      "Completed Amber is the Color of my Dinosaur§r": "2024-05-08 03:51:56 +0000",
      "Completed SkyFactory 4§r": "2024-05-07 03:28:25 +0000",
      "Completed Don\u0027t Sieve on Me§r": "2024-05-08 03:35:31 +0000",
      "Completed Lead Zeppelin§r": "2024-05-09 01:53:27 +0000",
      "Completed Lead it Go§r": "2024-05-09 01:50:48 +0000",
      "Completed Bubble, Bubble§r": "2024-05-08 03:37:05 +0000",
      "Completed One Shiny Boi§r": "2024-05-09 01:59:27 +0000",
      "Completed Money Grows on Trees§r": "2024-05-09 02:01:52 +0000",
      "Completed Slop in the Bucket§r": "2024-05-07 04:00:56 +0000",
      "Completed You Cotton Something?§r": "2024-05-08 03:45:32 +0000",
      "Completed On the Rocks§r": "2024-05-07 03:54:00 +0000",
      "Completed Starting from the Bottom§r": "2024-05-07 03:29:59 +0000",
      "Completed COALateral Damage§r": "2024-05-08 03:51:21 +0000",
      "Completed Oh, the Irony§r": "2024-05-08 03:53:41 +0000",
      "Completed Ironwood§r": "2024-05-08 05:10:45 +0000",
      "Completed Hardwood§r": "2024-05-07 03:44:14 +0000",
      "Completed Sixteen Tons§r": "2024-05-08 03:50:06 +0000",
      "Completed Eating Dirt§r": "2024-05-08 03:33:51 +0000",
      "Completed Clay Aiken§r": "2024-05-07 03:50:18 +0000",
      "Completed I Don\u0027t Know§r": "2024-05-09 02:57:17 +0000"
    },
    "done": false
  },
  "sf4:age1/sapling/bacon": {
    "criteria": {
      "Completed Root": "2024-05-07 03:28:25 +0000",
      "Obtain Bacon Sapling": "2024-05-09 03:32:00 +0000"
    },
    "done": true
  },
  "sf4:age1/nonpacifist": {
    "criteria": {
      "superflat2": "2024-05-07 03:28:25 +0000",
      "superflat32": "2024-05-07 03:28:25 +0000",
      "Completed Root": "2024-05-07 03:28:25 +0000"
    },
    "done": true
  },
  "sf4:age_exploration/cobaltore": {
    "criteria": {
      "Obtain Cobalt Ore": "2024-05-11 00:41:42 +0000"
    },
    "done": true
  },
  "sf4:age1/sapling/slime": {
    "criteria": {
      "Completed Root": "2024-05-07 03:28:25 +0000",
      "Obtain Blue Slime Sapling": "2024-05-09 02:57:17 +0000"
    },
    "done": true
  },
  "sf4:age1/string": {
    "criteria": {
      "Completed Root": "2024-05-07 03:28:25 +0000",
      "Obtain Cottonwood Sapling": "2024-05-08 03:45:25 +0000",
      "Obtain String": "2024-05-08 03:45:32 +0000"
    },
    "done": true
  },
  "sf4:age_power/upgradeablegenerators": {
    "criteria": {
      "Obtain Simple Upgradable Combustion Generator": "2024-05-11 01:19:30 +0000"
    },
    "done": true
  },
  "compactmachines:test/7x7x7": {
    "criteria": {
      "Obtain Netherrack": "2024-05-09 03:05:16 +0000"
    },
    "done": false
  },
  "sf4:age_storage/complete_no_prestige": {
    "criteria": {
      "Prestige Mode Disabled": "2024-05-07 03:28:25 +0000",
      "Completed Whopper!§r": "2024-05-08 16:27:45 +0000",
      "Completed CAT 5§r": "2024-05-10 15:40:49 +0000",
      "Completed I WANT IT NOW!§r": "2024-05-10 15:52:00 +0000",
      "Completed Wood You Hand Me That Crate Please?§r": "2024-05-11 00:18:23 +0000",
      "Completed Age of Storage§r": "2024-05-07 03:28:24 +0000",
      "Completed Hop to It§r": "2024-05-08 04:27:03 +0000",
      "Completed Better Than 1080p§r": "2024-05-11 01:08:32 +0000"
    },
    "done": false
  },
  "sf4:age1/sapling/petrified": {
    "criteria": {
      "Completed Root": "2024-05-07 03:28:25 +0000",
      "Obtain Petrified Sapling": "2024-05-07 03:44:14 +0000"
    },
    "done": true
  },
  "sf4:age1/sapling/redstone": {
    "criteria": {
      "Completed Root": "2024-05-07 03:28:25 +0000",
      "Obtain Redstone Sapling": "2024-05-09 01:41:31 +0000"
    },
    "done": true
  },
  "sf4:age_storage/bdsandmupgrade4": {
    "criteria": {
      "Obtain x4k Storage Upgrade": "2024-05-11 01:08:32 +0000"
    },
    "done": true
  },
  "compactmachines:test/3x3x3": {
    "criteria": {
      "Obtain Grass Block": "2024-05-08 16:11:53 +0000"
    },
    "done": false
  },
  "sf4:age1/sapling/tin": {
    "criteria": {
      "Completed Root": "2024-05-07 03:28:25 +0000",
      "Obtain Tin Sapling": "2024-05-09 01:30:17 +0000"
    },
    "done": true
  },
  "sf4:age1/wooden_crook": {
    "criteria": {
      "Completed Root": "2024-05-07 03:28:25 +0000",
      "Obtain Wooden Crook": "2024-05-07 04:05:22 +0000"
    },
    "done": true
  },
  "tutorial:tutorial/copied/sandsapling": {
    "criteria": {
      "Obtain Sand Sapling": "2024-05-08 03:47:52 +0000"
    },
    "done": false
  },
  "sf4:age_farming/bonsai": {
    "criteria": {
      "Obtain Bonsai Pot": "2024-05-07 04:00:53 +0000"
    },
    "done": true
  },
  "pacifist:pacifist_run/root": {
    "criteria": {
      "hasRock": "2024-05-07 03:28:25 +0000"
    },
    "done": false
  },
  "sf4:age_storage/complete": {
    "criteria": {
      "Completed Whopper!§r": "2024-05-08 16:27:45 +0000",
      "Completed CAT 5§r": "2024-05-10 15:40:49 +0000",
      "Completed I WANT IT NOW!§r": "2024-05-10 15:52:00 +0000",
      "Completed Wood You Hand Me That Crate Please?§r": "2024-05-11 00:18:23 +0000",
      "Completed Age of Storage§r": "2024-05-07 03:28:24 +0000",
      "Completed Hop to It§r": "2024-05-08 04:27:03 +0000",
      "Completed Better Than 1080p§r": "2024-05-11 01:08:32 +0000"
    },
    "done": false
  },
  "tutorial:tutorial/copied/slimesapling": {
    "criteria": {
      "Obtain Blue Slime Sapling": "2024-05-09 02:57:17 +0000"
    },
    "done": false
  },
  "tutorial:tutorial/craftingstation": {
    "criteria": {
      "Obtain a Crafting Station": "2024-05-09 03:06:22 +0000"
    },
    "done": false
  },
  "sf4:age1/slabs": {
    "criteria": {
      "Completed Root": "2024-05-07 03:28:25 +0000"
    },
    "done": false
  },
  "sf4:age_farming/wheatseeds": {
    "criteria": {
      "Obtain Wheat Seeds": "2024-05-08 16:12:30 +0000"
    },
    "done": true
  },
  "tutorial:tutorial/copied/gold": {
    "criteria": {
      "Obtain Gold Amber": "2024-05-09 01:59:27 +0000"
    },
    "done": false
  },
  "sf4:age_power/autopackager": {
    "criteria": {
      "Obtain Auto Packager": "2024-05-10 15:19:16 +0000"
    },
    "done": true
  },
  "sf4:age1/lavasource": {
    "criteria": {
      "Completed SkyFactory 4§r": "2024-05-07 03:28:25 +0000",
      "Completed Root": "2024-05-07 03:28:25 +0000"
    },
    "done": false
  },
  "tutorial:tutorial/copied/petrifiedsapling": {
    "criteria": {
      "Obtain Petrified Sapling": "2024-05-07 03:44:14 +0000"
    },
    "done": false
  },
  "sf4:age_storage/bdsandmwoodencrate": {
    "criteria": {
      "Obtain Wood Crate": "2024-05-11 00:18:23 +0000"
    },
    "done": true
  },
  "sf4:age_exploration/nether": {
    "criteria": {
      "Entered Nether": "2024-05-11 00:35:38 +0000"
    },
    "done": true
  },
  "hardcore:hardcore/forgivingvoid": {
    "criteria": {
      "Completed Age of Exploration§r": "2024-05-07 03:28:24 +0000"
    },
    "done": false
  },
  "sf4:age_storage/simplestoragerequest": {
    "criteria": {
      "Obtain Request Block": "2024-05-10 15:52:00 +0000"
    },
    "done": true
  },
  "sf4:age_enhancement/completenoprestige": {
    "criteria": {
      "Prestige Mode Disabled": "2024-05-07 03:28:25 +0000",
      "Completed Forging Ahead§r": "2024-05-09 03:06:11 +0000",
      "Completed Rolling into the Station§r": "2024-05-09 03:06:36 +0000",
      "Completed It\u0027s Over 20!§r": "2024-05-11 00:44:57 +0000",
      "Completed Age of Enhancement§r": "2024-05-07 03:28:24 +0000",
      "Completed Ore\u0027nt You Glad I Didn\u0027t Say Banana§r": "2024-05-08 04:50:13 +0000",
      "Completed Storage Wars§r": "2024-05-11 00:59:47 +0000"
    },
    "done": false
  },
  "tutorial:tutorial/copied/goldsapling": {
    "criteria": {
      "Obtain Gold Sapling": "2024-05-09 02:01:52 +0000"
    },
    "done": false
  },
  "tutorial:tutorial/copied/watercollection": {
    "criteria": {
      "Right Click Cauldron with Water Inside": "2024-05-08 04:09:03 +0000",
      "Right Click Boiling Cauldron with Water Inside": "2024-05-08 16:25:12 +0000",
      "Right Click Boiling Vanilla Cauldron with Water Inside": "2024-05-11 00:26:32 +0000"
    },
    "done": false
  },
  "sf4:age1/completenoprestige": {
    "criteria": {
      "Completed OinkTree§r": "2024-05-09 03:32:00 +0000",
      "Completed Tin Man§r": "2024-05-09 01:27:26 +0000",
      "Completed Air Fryer§r": "2024-05-07 03:39:52 +0000",
      "Completed Silver Spoon§r": "2024-05-09 02:09:32 +0000",
      "Prestige Mode Disabled": "2024-05-07 03:28:25 +0000",
      "Completed That\u0027s Dir-tree§r": "2024-05-07 03:30:05 +0000",
      "Completed Sticky Keys§r": "2024-05-07 03:44:32 +0000",
      "Completed You Cotton Be Kidding Me§r": "2024-05-08 03:45:25 +0000",
      "Completed Stone Crook§r": "2024-05-08 15:27:17 +0000",
      "Completed Water You Waiting For?§r": "2024-05-08 03:49:10 +0000",
      "Completed Silver Surfer§r": "2024-05-09 02:08:11 +0000",
      "Completed Break a Leg§r": "2024-05-07 04:12:23 +0000",
      "Completed This Tree is Forever§r": "2024-05-09 02:12:14 +0000",
      "Completed Blue Man Group§r": "2024-05-09 01:36:13 +0000",
      "Completed I Love Lucy§r": "2024-05-07 03:46:45 +0000",
      "Completed Hotbois§r": "2024-05-08 05:08:42 +0000",
      "Completed Palm Trees§r": "2024-05-08 03:47:52 +0000",
      "Completed Root": "2024-05-07 03:28:25 +0000",
      "Completed It\u0027s Tin This Pack§r": "2024-05-09 01:30:17 +0000",
      "Completed Captain Hook§r": "2024-05-07 04:05:22 +0000",
      "Completed Trees to Diamonds§r": "2024-05-09 02:17:10 +0000",
      "Completed Not a Helmet§r": "2024-05-08 16:24:25 +0000",
      "Completed Study in the Dark Arts§r": "2024-05-09 02:21:20 +0000",
      "Completed It\u0027s Electric§r": "2024-05-09 01:41:31 +0000",
      "Completed Dirty Dancing§r": "2024-05-07 03:38:27 +0000",
      "Completed Amber is the Color of my Dinosaur§r": "2024-05-08 03:51:56 +0000",
      "Completed SkyFactory 4§r": "2024-05-07 03:28:25 +0000",
      "Completed Don\u0027t Sieve on Me§r": "2024-05-08 03:35:31 +0000",
      "Completed Lead Zeppelin§r": "2024-05-09 01:53:27 +0000",
      "Completed Lead it Go§r": "2024-05-09 01:50:48 +0000",
      "Completed Bubble, Bubble§r": "2024-05-08 03:37:05 +0000",
      "Completed One Shiny Boi§r": "2024-05-09 01:59:27 +0000",
      "Completed Money Grows on Trees§r": "2024-05-09 02:01:52 +0000",
      "Completed Slop in the Bucket§r": "2024-05-07 04:00:56 +0000",
      "Completed You Cotton Something?§r": "2024-05-08 03:45:32 +0000",
      "Completed On the Rocks§r": "2024-05-07 03:54:00 +0000",
      "Completed Starting from the Bottom§r": "2024-05-07 03:29:59 +0000",
      "Completed COALateral Damage§r": "2024-05-08 03:51:21 +0000",
      "Completed Oh, the Irony§r": "2024-05-08 03:53:41 +0000",
      "Completed Ironwood§r": "2024-05-08 05:10:45 +0000",
      "Completed Hardwood§r": "2024-05-07 03:44:14 +0000",
      "Completed Sixteen Tons§r": "2024-05-08 03:50:06 +0000",
      "Completed Eating Dirt§r": "2024-05-08 03:33:51 +0000",
      "Completed Clay Aiken§r": "2024-05-07 03:50:18 +0000",
      "Completed I Don\u0027t Know§r": "2024-05-09 02:57:17 +0000"
    },
    "done": false
  },
  "sf4:age_farming/root": {
    "criteria": {
      "inventoryChange": "2024-05-07 03:28:24 +0000"
    },
    "done": true
  },
  "sf4:age_exploration/completenoprestige": {
    "criteria": {
      "Completed Age of Exploration§r": "2024-05-07 03:28:24 +0000",
      "Completed Nether Here Nor There§r": "2024-05-11 00:35:38 +0000",
      "Completed No Cake Like Home§r": "2024-05-11 00:35:38 +0000",
      "Prestige Mode Disabled": "2024-05-07 03:28:25 +0000"
    },
    "done": false
  },
  "sf4:age_power/root": {
    "criteria": {
      "inventoryChange": "2024-05-07 03:28:24 +0000"
    },
    "done": true
  },
  "tutorial:tutorial/copied/claysapling": {
    "criteria": {
      "Obtain a Clay Sapling": "2024-05-07 03:50:18 +0000"
    },
    "done": false
  },
  "tutorial:tutorial/copied/obsidian": {
    "criteria": {
      "Obtain Obsidian": "2024-05-09 02:21:20 +0000"
    },
    "done": false
  },
  "sf4:age1/sleep": {
    "criteria": {
      "Completed Root": "2024-05-07 03:28:25 +0000"
    },
    "done": false
  },
  "sf4:age1/sapling/lead": {
    "criteria": {
      "Completed Root": "2024-05-07 03:28:25 +0000",
      "Obtain Lead Sapling": "2024-05-09 01:53:27 +0000"
    },
    "done": true
  },
  "sf4:age1/sapling/diamond": {
    "criteria": {
      "Completed Root": "2024-05-07 03:28:25 +0000",
      "Obtain Diamond Sapling": "2024-05-09 02:12:14 +0000"
    },
    "done": true
  },
  "sf4:age1/watersource": {
    "criteria": {
      "Completed SkyFactory 4§r": "2024-05-07 03:28:25 +0000",
      "Completed Root": "2024-05-07 03:28:25 +0000"
    },
    "done": false
  },
  "sf4:age_farming/animalseeds": {
    "criteria": {
      "Cow Seed": "2024-05-09 02:52:47 +0000"
    },
    "done": false
  },
  "sf4:age1/cauldron": {
    "criteria": {
      "Completed Root": "2024-05-07 03:28:25 +0000",
      "Obtain a Cauldron": "2024-05-08 03:37:05 +0000"
    },
    "done": true
  },
  "sf4:age1/cobblestone_generator": {
    "criteria": {
      "Completed Root": "2024-05-07 03:28:25 +0000"
    },
    "done": false
  },
  "tutorial:tutorial/copied/cobblestone": {
    "criteria": {
      "Obtain Cobblestone Block": "2024-05-07 03:54:00 +0000"
    },
    "done": false
  },
  "sf4:age1/sapling/gravel": {
    "criteria": {
      "Completed Root": "2024-05-07 03:28:25 +0000",
      "Obtain Gravel Sapling": "2024-05-08 03:35:31 +0000"
    },
    "done": true
  },
  "sf4:age1/crushing_tub": {
    "criteria": {
      "Obtain Crushing Tub": "2024-05-07 03:46:45 +0000",
      "Completed Root": "2024-05-07 03:28:25 +0000"
    },
    "done": true
  },
  "sf4:age1/prestige_notify": {
    "criteria": {
      "Completed Root": "2024-05-07 03:28:25 +0000"
    },
    "done": false
  },
  "tutorial:tutorial/petrifiedacorn": {
    "criteria": {
      "Obtain Oak Wood Planks": "2024-05-07 03:41:37 +0000"
    },
    "done": false
  },
  "sf4:age1/lava": {
    "criteria": {
      "Completed Root": "2024-05-07 03:28:25 +0000",
      "Obtain Lava Clay Bucket": "2024-05-08 05:08:42 +0000"
    },
    "done": true
  },
  "pacifist:pacifist_run/lose": {
    "criteria": {
      "killed poor innocent creature": "2024-05-11 00:38:07 +0000"
    },
    "done": false
  },
  "sf4:age1/root": {
    "criteria": {
      "non_tutorial_start": "2024-05-07 03:28:25 +0000"
    },
    "done": true
  },
  "tutorial:tutorial/woodencrook": {
    "criteria": {
      "Obtain a Wooden Crook": "2024-05-07 04:05:22 +0000"
    },
    "done": false
  },
  "sf4:age1/sapling/donut": {
    "criteria": {
      "Completed Root": "2024-05-07 03:28:25 +0000"
    },
    "done": false
  },
  "tutorial:tutorial/copied/ironsapling": {
    "criteria": {
      "Obtain Iron Sapling": "2024-05-08 05:10:45 +0000"
    },
    "done": false
  },
  "sf4:age_farming/fertilesoil": {
    "criteria": {
      "Obtain Fertile Soil": "2024-05-08 15:37:39 +0000"
    },
    "done": true
  },
  "sf4:age1/sapling/silver": {
    "criteria": {
      "Completed Root": "2024-05-07 03:28:25 +0000",
      "Obtain Silver Sapling": "2024-05-09 02:09:32 +0000"
    },
    "done": true
  },
  "sf4:age_power/completenoprestige": {
    "criteria": {
      "Prestige Mode Disabled": "2024-05-07 03:28:25 +0000",
      "Completed Generator, I Hardly Know Her§r": "2024-05-10 15:25:21 +0000",
      "Completed Package Control§r": "2024-05-10 15:19:16 +0000",
      "Completed Age of Power§r": "2024-05-07 03:28:24 +0000",
      "Completed Level Up!§r": "2024-05-11 01:19:30 +0000"
    },
    "done": false
  },
  "sf4:age1/sapling/clay": {
    "criteria": {
      "Completed Root": "2024-05-07 03:28:25 +0000",
      "Obtain a Clay Sapling": "2024-05-07 03:50:18 +0000"
    },
    "done": true
  },
  "sf4:age1/cobblestone": {
    "criteria": {
      "Completed Root": "2024-05-07 03:28:25 +0000",
      "Obtain Cobblestone Block": "2024-05-07 03:54:00 +0000"
    },
    "done": true
  },
  "sf4:age1/sapling/gold": {
    "criteria": {
      "Completed Root": "2024-05-07 03:28:25 +0000",
      "Obtain Gold Sapling": "2024-05-09 02:01:52 +0000"
    },
    "done": true
  },
  "sf4:age_farming/hoppingbonsai": {
    "criteria": {
      "Obtain Bonsai Pot": "2024-05-08 04:27:06 +0000"
    },
    "done": true
  },
  "sf4:age_farming/sugarcaneseed": {
    "criteria": {
      "Obtain Sugar Cane Seeds": "2024-05-09 03:28:32 +0000"
    },
    "done": true
  },
  "tutorial:tutorial/dryingrack": {
    "criteria": {
      "Obtain Oak Wood Planks": "2024-05-07 03:39:52 +0000"
    },
    "done": false
  },
  "sf4:age1/amber/tin": {
    "criteria": {
      "Completed Root": "2024-05-07 03:28:25 +0000",
      "Obtain Tin Amber": "2024-05-09 01:27:26 +0000"
    },
    "done": true
  },
  "sf4:age1/acorn/dirt": {
    "criteria": {
      "Obtain Dirt Acorn": "2024-05-07 03:29:59 +0000",
      "Completed Root": "2024-05-07 03:28:25 +0000"
    },
    "done": true
  },
  "twilightforest:alt/compat/tconstruct": {
    "criteria": {
      "toolforge": "2024-05-09 03:06:11 +0000"
    },
    "done": true
  },
  "sf4:age_allthethingsomglol/complete": {
    "criteria": {
      "Completed Age of ALLTHETHINGSOMGLOL§r": "2024-05-07 03:28:24 +0000"
    },
    "done": false
  },
  "tutorial:tutorial/oakwood": {
    "criteria": {
      "Obtain Oak Wood": "2024-05-07 03:29:50 +0000"
    },
    "done": false
  },
  "sf4:age_enhancement/root": {
    "criteria": {
      "inventoryChange": "2024-05-07 03:28:24 +0000"
    },
    "done": true
  },
  "sf4:age_exploration/overworldcake": {
    "criteria": {
      "Obtain Overworld Cake": "2024-05-11 00:35:38 +0000"
    },
    "done": true
  },
  "sf4:age_exploration/complete": {
    "criteria": {
      "Completed Age of Exploration§r": "2024-05-07 03:28:24 +0000",
      "Completed Nether Here Nor There§r": "2024-05-11 00:35:38 +0000",
      "Completed No Cake Like Home§r": "2024-05-11 00:35:38 +0000"
    },
    "done": false
  },
  "sf4:age1/sapling/dirt": {
    "criteria": {
      "Obtain Dirt Sapling": "2024-05-07 03:30:05 +0000",
      "Completed Root": "2024-05-07 03:28:25 +0000"
    },
    "done": true
  },
  "sf4:age1/resourcehogs": {
    "criteria": {
      "Completed Root": "2024-05-07 03:28:25 +0000"
    },
    "done": false
  },
  "sf4:age1/iron_ingot": {
    "criteria": {
      "Completed Root": "2024-05-07 03:28:25 +0000",
      "Obtain Iron Ingot": "2024-05-08 03:53:41 +0000"
    },
    "done": true
  },
  "sf4:age_exploration/arditeore": {
    "criteria": {
      "Obtain Ardite Ore": "2024-05-11 00:45:21 +0000"
    },
    "done": true
  },
  "sf4:age1/green_slimy_dirt": {
    "criteria": {
      "Completed Root": "2024-05-07 03:28:25 +0000"
    },
    "done": false
  },
  "sf4:age_storage/hopper": {
    "criteria": {
      "Obtain Hopper": "2024-05-08 04:27:03 +0000"
    },
    "done": true
  },
  "sf4:age_enhancement/tank": {
    "criteria": {
      "Obtain Tank": "2024-05-08 04:50:13 +0000"
    },
    "done": true
  },
  "sf4:age1/iron_bucket": {
    "criteria": {
      "Completed Root": "2024-05-07 03:28:25 +0000",
      "Obtain Iron Bucket": "2024-05-08 16:24:25 +0000"
    },
    "done": true
  },
  "tutorial:tutorial/copied/gravelsapling": {
    "criteria": {
      "Obtain Gravel Sapling": "2024-05-08 03:35:31 +0000"
    },
    "done": false
  },
  "sf4:age1/amber/silver": {
    "criteria": {
      "Completed Root": "2024-05-07 03:28:25 +0000",
      "Obtain Silver Amber": "2024-05-09 02:08:11 +0000"
    },
    "done": true
  },
  "sf4:age_enhancement/toolstation": {
    "criteria": {
      "Obtain Tool Station": "2024-05-09 03:06:36 +0000"
    },
    "done": true
  },
  "sf4:age1/amber/lead": {
    "criteria": {
      "Completed Root": "2024-05-07 03:28:25 +0000",
      "Obtain Lead Amber": "2024-05-09 01:50:48 +0000"
    },
    "done": true
  },
  "sf4:age_farming/brownmulch": {
    "criteria": {
      "Obtain Brown Mulch": "2024-05-09 02:18:19 +0000"
    },
    "done": true
  },
  "tutorial:tutorial/placedirtsapling": {
    "criteria": {
      "Placed Dirt Sapling": "2024-05-07 03:34:28 +0000"
    },
    "done": false
  },
  "sf4:age1/amber/gold": {
    "criteria": {
      "Completed Root": "2024-05-07 03:28:25 +0000",
      "Obtain Gold Amber": "2024-05-09 01:59:27 +0000"
    },
    "done": true
  },
  "tutorial:tutorial/dirtsapling": {
    "criteria": {
      "Obtain a Dirt Sapling": "2024-05-07 03:30:05 +0000"
    },
    "done": false
  },
  "tutorial:tutorial/copied/cauldron": {
    "criteria": {
      "Obtain a Cauldron": "2024-05-08 03:37:05 +0000"
    },
    "done": false
  },
  "sf4:age_farming/skyorchards": {
    "criteria": {
      "Obtain Dirt Sapling": "2024-05-07 03:30:05 +0000",
      "Obtain Osmium Sapling": "2024-05-11 01:23:59 +0000",
      "Obtain Lead Sapling": "2024-05-09 01:53:27 +0000",
      "Obtain Silver Sapling": "2024-05-09 02:09:32 +0000",
      "Obtain Coal Sapling": "2024-05-08 03:50:06 +0000",
      "Obtain Netherrack Sapling": "2024-05-11 01:33:30 +0000",
      "Obtain Diamond Sapling": "2024-05-09 02:12:14 +0000",
      "Obtain Copper Sapling": "2024-05-09 02:44:36 +0000",
      "Obtain Cottonwood Sapling": "2024-05-08 03:45:25 +0000",
      "Obtain Lapis Sapling": "2024-05-09 01:36:13 +0000",
      "Obtain Bacon Sapling": "2024-05-09 03:32:00 +0000",
      "Obtain Glowstone Sapling": "2024-05-11 01:32:59 +0000",
      "Obtain Emerald Sapling": "2024-05-09 03:03:48 +0000",
      "Obtain Petrified Sapling": "2024-05-07 03:44:14 +0000",
      "Obtain Tin Sapling": "2024-05-09 01:30:17 +0000",
      "Obtain Nickel Sapling": "2024-05-09 02:24:07 +0000",
      "Obtain Iron Sapling": "2024-05-08 05:10:45 +0000",
      "Obtain Sand Sapling": "2024-05-08 03:47:52 +0000",
      "Obtain Gold Sapling": "2024-05-09 02:01:52 +0000",
      "Obtain Redstone Sapling": "2024-05-09 01:41:31 +0000",
      "Obtain Clay Sapling": "2024-05-07 03:50:18 +0000",
      "Obtain Bone Sapling": "2024-05-07 04:12:23 +0000",
      "Obtain Gravel Sapling": "2024-05-08 03:35:31 +0000",
      "Obtain Quartz Sapling": "2024-05-11 01:13:09 +0000"
    },
    "done": false
  },
  "sf4:age_exploration/skygriddragonkill": {
    "criteria": {
      "Completed Age of Exploration§r": "2024-05-07 03:28:24 +0000"
    },
    "done": false
  },
  "tutorial:tutorial/copied/crushingtub": {
    "criteria": {
      "Obtain Crushing Tub": "2024-05-07 03:46:45 +0000"
    },
    "done": false
  },
  "tutorial:tutorial/copied/water": {
    "criteria": {
      "Obtain Water in an Iron Bucket": "2024-05-08 16:24:26 +0000",
      "Obtain Water in a Clay Bucket": "2024-05-08 03:49:10 +0000"
    },
    "done": false
  },
  "sf4:age1/sapling/lapis": {
    "criteria": {
      "Completed Root": "2024-05-07 03:28:25 +0000",
      "Obtain Lapis Sapling": "2024-05-09 01:36:13 +0000"
    },
    "done": true
  },
  "sf4:age1/coal": {
    "criteria": {
      "Completed Root": "2024-05-07 03:28:25 +0000",
      "Obtain Coal": "2024-05-08 03:51:21 +0000"
    },
    "done": true
  },
  "sf4:age_farming/cowjar": {
    "criteria": {
      "Obtain Cow in a Jar": "2024-05-09 03:41:52 +0000"
    },
    "done": true
  },
  "tutorial:tutorial/copied/iron": {
    "criteria": {
      "Obtain Iron Amber": "2024-05-08 03:51:56 +0000"
    },
    "done": false
  },
  "sf4:age_exploration/root": {
    "criteria": {
      "inventoryChange": "2024-05-07 03:28:24 +0000"
    },
    "done": true
  },
  "tutorial:tutorial/copied/coalsapling": {
    "criteria": {
      "Obtain Coal Sapling": "2024-05-08 03:50:06 +0000"
    },
    "done": false
  },
  "sf4:age_storage/root": {
    "criteria": {
      "inventoryChange": "2024-05-07 03:28:24 +0000"
    },
    "done": true
  },
  "sf4:age1/diamond": {
    "criteria": {
      "Obtain Diamond": "2024-05-09 02:17:10 +0000",
      "Completed Root": "2024-05-07 03:28:25 +0000"
    },
    "done": true
  },
  "sf4:age1/obsidian": {
    "criteria": {
      "Completed Root": "2024-05-07 03:28:25 +0000",
      "Obtain Obsidian": "2024-05-09 02:21:20 +0000"
    },
    "done": true
  },
  "tutorial:tutorial/copied/lava": {
    "criteria": {
      "Obtain Lava Clay Bucket": "2024-05-08 05:08:42 +0000",
      "Obtain Lava Iron Bucket": "2024-05-08 16:25:56 +0000"
    },
    "done": false
  },
  "sf4:age1/sapling/sand": {
    "criteria": {
      "Completed Root": "2024-05-07 03:28:25 +0000",
      "Obtain Sand Sapling": "2024-05-08 03:47:52 +0000"
    },
    "done": true
  },
  "sf4:age_storage/simplestoragecable": {
    "criteria": {
      "Obtain Network Cable": "2024-05-10 15:40:49 +0000"
    },
    "done": true
  },
  "sf4:age1/dirt": {
    "criteria": {
      "Completed Root": "2024-05-07 03:28:25 +0000",
      "Craft Dirt Block": "2024-05-07 03:38:27 +0000"
    },
    "done": true
  },
  "sf4:age1/sapling/coal": {
    "criteria": {
      "Completed Root": "2024-05-07 03:28:25 +0000",
      "Obtain Coal Sapling": "2024-05-08 03:50:06 +0000"
    },
    "done": true
  },
  "sf4:age_enhancement/complete": {
    "criteria": {
      "Completed Forging Ahead§r": "2024-05-09 03:06:11 +0000",
      "Completed Rolling into the Station§r": "2024-05-09 03:06:36 +0000",
      "Completed It\u0027s Over 20!§r": "2024-05-11 00:44:57 +0000",
      "Completed Age of Enhancement§r": "2024-05-07 03:28:24 +0000",
      "Completed Ore\u0027nt You Glad I Didn\u0027t Say Banana§r": "2024-05-08 04:50:13 +0000",
      "Completed Storage Wars§r": "2024-05-11 00:59:47 +0000"
    },
    "done": false
  },
  "sf4:age_enhancement/20damage": {
    "criteria": {
      "Deal 20 or More Damage": "2024-05-11 00:44:57 +0000"
    },
    "done": true
  },
  "tutorial:tutorial/copied/claybucket": {
    "criteria": {
      "Obtain Unfired Clay Bucket": "2024-05-07 04:00:56 +0000",
      "Obtain Clay Bucket": "2024-05-07 04:02:37 +0000"
    },
    "done": false
  },
  "sf4:age_power/simplegenerator": {
    "criteria": {
      "Obtain Simple Combustion Generator": "2024-05-10 15:25:21 +0000"
    },
    "done": true
  },
  "sf4:age1/sapling/iron": {
    "criteria": {
      "Completed Root": "2024-05-07 03:28:25 +0000",
      "Obtain Iron Sapling": "2024-05-08 05:10:45 +0000"
    },
    "done": true
  },
  "sf4:age1/stone_crook": {
    "criteria": {
      "Completed Root": "2024-05-07 03:28:25 +0000",
      "Obtain Stone Crook": "2024-05-08 15:27:17 +0000"
    },
    "done": true
  },
  "sf4:age1/sapling/bone": {
    "criteria": {
      "Completed Root": "2024-05-07 03:28:25 +0000",
      "Obtain Bone Sapling": "2024-05-07 04:12:23 +0000"
    },
    "done": true
  },
  "pacifist:pacifist_run/peaceful": {
    "criteria": {
      "brokeLeaves": "2024-05-07 03:28:52 +0000",
      "brokeLog": "2024-05-07 03:29:39 +0000"
    },
    "done": false
  },
  "sf4:age1/water": {
    "criteria": {
      "Completed Root": "2024-05-07 03:28:25 +0000",
      "Obtain Water in a Clay Bucket": "2024-05-08 03:49:10 +0000"
    },
    "done": true
  },
  "sf4:age1/acorn/dirt_cooked": {
    "criteria": {
      "Completed Root": "2024-05-07 03:28:25 +0000",
      "Obtain Cooked Dirt Acorn": "2024-05-08 03:33:51 +0000"
    },
    "done": true
  },
  "sf4:age1/twerk": {
    "criteria": {
      "Completed Root": "2024-05-07 03:28:25 +0000",
      "Obtain 8 Dirt Saplings": "2024-05-07 03:41:44 +0000",
      "Obtain 8 Oak Logs": "2024-05-07 03:44:32 +0000"
    },
    "done": true
  },
  "tutorial:tutorial/copied/diamondsapling": {
    "criteria": {
      "Obtain Diamond Sapling": "2024-05-09 02:12:14 +0000"
    },
    "done": false
  },
  "tutorial:tutorial/copied/diamond": {
    "criteria": {
      "Obtain Diamond": "2024-05-09 02:17:10 +0000"
    },
    "done": false
  },
  "tutorial:tutorial/copied/string": {
    "criteria": {
      "Obtain Cottonwood Sapling": "2024-05-08 03:45:25 +0000",
      "Obtain String": "2024-05-08 03:45:32 +0000"
    },
    "done": false
  },
  "sf4:age_power/complete": {
    "criteria": {
      "Completed Generator, I Hardly Know Her§r": "2024-05-10 15:25:21 +0000",
      "Completed Package Control§r": "2024-05-10 15:19:16 +0000",
      "Completed Age of Power§r": "2024-05-07 03:28:24 +0000",
      "Completed Level Up!§r": "2024-05-11 01:19:30 +0000"
    },
    "done": false
  },
  "sf4:age_enhancement/inventoryupgrade": {
    "criteria": {
      "Eat Cyclic Inventory Upgrade": "2024-05-11 00:59:47 +0000"
    },
    "done": true
  },
  "sf4:age_farming/market": {
    "criteria": {
      "Obtain Market": "2024-05-09 01:32:17 +0000"
    },
    "done": true
  },
  "sf4:age1/clay_bucket": {
    "criteria": {
      "Obtain Unfired Clay Bucket": "2024-05-07 04:00:56 +0000",
      "Completed Root": "2024-05-07 03:28:25 +0000"
    },
    "done": true
  },
  "compactmachines:test/5x5x52": {
    "criteria": {
      "Craft Simple Combustion Generator": "2024-05-10 15:25:21 +0000"
    },
    "done": false
  },
  "sf4:age_exploration/dragonkill": {
    "criteria": {
      "Enter Custom End Dimension": "2024-05-11 00:35:38 +0000"
    },
    "done": false
  },
  "sf4:age_farming/complete": {
    "criteria": {
      "Completed Bonsai!!!§r": "2024-05-07 04:00:53 +0000",
      "Completed Citizen Cane§r": "2024-05-09 03:28:32 +0000",
      "Completed Shredded Wheat§r": "2024-05-08 16:12:52 +0000",
      "Completed Condensed Milk§r": "2024-05-09 03:41:52 +0000",
      "Completed Age of Farming§r": "2024-05-07 03:28:24 +0000",
      "Completed This Little Piggy§r": "2024-05-09 01:32:17 +0000"
    },
    "done": false
  },
  "sf4:age1/amber/iron": {
    "criteria": {
      "Completed Root": "2024-05-07 03:28:25 +0000",
      "Obtain Iron Amber": "2024-05-08 03:51:56 +0000"
    },
    "done": true
  },
  "tutorial:tutorial/copied/ironingot": {
    "criteria": {
      "Obtain Iron Ingot": "2024-05-08 03:53:41 +0000"
    },
    "done": false
  },
  "tutorial:tutorial/copied/ironbucket": {
    "criteria": {
      "Obtain Iron Bucket": "2024-05-08 16:24:25 +0000"
    },
    "done": false
  },
  "sf4:age1/drying_rack": {
    "criteria": {
      "Completed Root": "2024-05-07 03:28:25 +0000",
      "Obtain Drying Rack": "2024-05-07 03:39:52 +0000"
    },
    "done": true
  },
  "sf4:age_storage/woodenhopper": {
    "criteria": {
      "Obtain Wooden Hopper": "2024-05-08 16:27:45 +0000"
    },
    "done": true
  },
  "tutorial:tutorial/placeoak": {
    "criteria": {
      "Placed Oak Wood Slab": "2024-05-07 03:30:31 +0000",
      "Placed Oak Planks": "2024-05-07 03:40:06 +0000"
    },
    "done": false
  },
  "sf4:age_allthethingsomglol/complete_no_prestige": {
    "criteria": {
      "Prestige Mode Disabled": "2024-05-07 03:28:25 +0000",
      "Completed Age of ALLTHETHINGSOMGLOL§r": "2024-05-07 03:28:24 +0000"
    },
    "done": false
  },
  "sf4:age1/sapling": {
    "criteria": {
      "Completed SkyFactory 4§r": "2024-05-07 03:28:25 +0000",
      "Has Sapling": "2024-05-07 03:30:05 +0000",
      "Completed Root": "2024-05-07 03:28:25 +0000"
    },
    "done": false
  },
  "sf4:age_farming/complete_no_prestige": {
    "criteria": {
      "Completed Cowabonsai!§r": "2024-05-08 04:27:06 +0000",
      "Prestige Mode Disabled": "2024-05-07 03:28:25 +0000",
      "Completed Citizen Cane§r": "2024-05-09 03:28:32 +0000",
      "Completed Shredded Wheat§r": "2024-05-08 16:12:52 +0000",
      "Completed Condensed Milk§r": "2024-05-09 03:41:52 +0000",
      "Completed Fertile Soil§r": "2024-05-08 15:37:39 +0000",
      "Completed This Little Piggy§r": "2024-05-09 01:32:17 +0000",
      "Completed Bonsai!!!§r": "2024-05-07 04:00:53 +0000",
      "Completed TuMULCHuous§r": "2024-05-09 02:18:19 +0000",
      "Completed Age of Farming§r": "2024-05-07 03:28:24 +0000"
    },
    "done": false
  },
  "sf4:age_enhancement/toolforge": {
    "criteria": {
      "Obtain Tool Forge": "2024-05-09 03:06:11 +0000"
    },
    "done": true
  },
  "sf4:age_allthethingsomglol/root": {
    "criteria": {
      "inventoryChange": "2024-05-07 03:28:24 +0000"
    },
    "done": true
  }
}